ID,Razón Social,RUT / CUIT,Operación,Categoría Principal,Total Envíos,Total Camiones,Flete Total USD,Promedio USD/Camión,Último Envío
2273,WALMART CHILE SA,76042014-K,IMPO,Azúcar y dulces,1783,2639,6875871.08,2605.48,2026-01-30
2268,IANSAGRO S A,96772810-1,IMPO,Otros,279,1296,1453471.00,1121.51,2026-01-29
2249,UNILEVER CHILE SCC LIMITADA,76321731-0,IMPO,Otros,939,1255,3479149.73,2772.23,2026-01-29
2777,PROSUD S.A,78030690-4,IMPO,Aceites y grasas,392,1254,1667196.32,1329.50,2026-01-30
2322,TOYOTA CHILE S A,86740500-3,IMPO,Vidrio y cerámica,1109,1109,6821230.29,6150.79,2026-01-30
2303,CARTOCOR CHILE S A,99534220-0,IMPO,Otros,1012,1092,2420545.72,2216.62,2026-01-30
2929,CIA.MINERA AMBAR CHILE LTDA.,78966840-K,IMPO,Combustibles y gas,116,1029,415200.00,403.50,2026-01-29
2649,INGREDION CHILE S.A.,96845100-6,IMPO,Cereales y harinas,612,922,1932864.46,2096.38,2026-01-29
2648,MASTERFOODS CHILE ALIMENT.LTDA,78843490-1,IMPO,Alimentos mascotas,583,867,2386294.92,2752.36,2026-01-30
2980,INDUSTRIAS VINICAS S.A.,—,EXPO,Frutas y verduras,214,692,461748.98,667.27,2026-01-30
2367,LUCCHETTI CHILE S.A.,76412854-0,IMPO,Pasta y panificados,355,648,1490350.00,2299.92,2026-01-30
2293,AGROCOMMERCE S.A,96973910-0,IMPO,Otros,341,620,1377287.71,2221.43,2026-01-30
2278,AXIS LOGISTICA DE CHILE S.A,99563380-9,IMPO,Carnes y derivados,618,618,1702932.36,2755.55,2026-01-30
2496,FORD MOTOR COMPANY CHILE SPA,78703910-3,IMPO,Otros,552,552,2257509.58,4089.69,2026-01-28
2321,IDAL S A,85567100-K,IMPO,Azúcar y dulces,186,530,949053.88,1790.67,2026-01-30
3040,CARTULINAS CMPC S.A.,—,EXPO,Papel y cartón,393,523,1333178.58,2549.10,2026-01-29
2257,TETRA PAK DE CHILE COMERCIAL L,85749900-K,IMPO,Plásticos y polímeros,517,517,1225636.19,2370.67,2026-01-28
3069,PRIMAR S.A.,—,EXPO,Otros,218,509,923149.97,1813.65,2026-01-29
2473,GOODYEAR DE CHILE S.A.I.C.,93770000-8,IMPO,Otros,507,507,1513398.95,2985.01,2026-01-30
2250,CENCOSUD RETAIL S.A.,81201000-K,IMPO,Congelados y helados,475,494,1388933.07,2811.61,2026-01-29
2699,MAFOR S.A.,96698130-K,IMPO,Madera y corcho,186,481,1176952.32,2446.89,2026-01-30
2696,KABSA S.A.,96942870-9,IMPO,Carnes y derivados,399,468,1296360.64,2770.00,2026-01-30
2742,BUNGE CHILE SPA,76425115-6,IMPO,Otros,304,453,1133863.94,2503.01,2026-01-30
2609,IND.ALIMENTOS DOS EN UNO S.A.,84476300-K,IMPO,Otros,378,452,1056368.64,2337.10,2026-01-30
2992,PETROQUIM S.A.,—,EXPO,Plásticos y polímeros,296,447,931750.00,2084.45,2026-01-23
2269,NESTLE CHILE S.A.,90703000-8,IMPO,Otros,440,440,1136497.54,2582.95,2026-01-29
2602,BAGLEY CHILE S.A.,99576580-2,IMPO,Químicos industriales,322,434,695562.77,1602.68,2026-01-27
2436,S.C. JOHNSON & SON CHILE LTDA.,93240000-6,IMPO,Yerba y infusiones,416,418,1011544.97,2419.96,2026-01-30
2365,RENDIC HERMANOS S A,81537600-5,IMPO,Otros,415,416,1243715.01,2989.70,2026-01-30
2514,QUIMICA UNIVERSAL LTDA,84249300-5,IMPO,Otros,364,396,1304811.85,3294.98,2026-01-27
2675,SOC.PRODUCTORA Y DISTRIB.S.A.,85241400-6,IMPO,Cereales y harinas,131,383,463632.98,1210.53,2026-01-29
3045,EXPORTADORA BAIKA S.A.,—,EXPO,Frutas y verduras,370,370,826291.83,2233.22,2026-01-30
2320,COMERCIAL CERRILLOS SA,84264900-5,IMPO,Otros,367,367,1030800.47,2808.72,2026-01-29
2853,CERAMICAS CORDILLERA COMERCIAL,76121797-6,IMPO,Vidrio y cerámica,78,365,489419.98,1340.88,2026-01-28
2678,FORESTAL Y COM.LAS ARANAS LTDA,77376100-0,IMPO,Combustibles y gas,290,346,675999.99,1953.76,2026-01-29
2447,TRESMONTES S.A,76388064-8,IMPO,Otros,218,345,1203232.97,3487.63,2026-01-30
2889,COMERCIALIZADORA PROCERAS S.A.,76165184-6,IMPO,Otros,128,341,362600.00,1063.34,2026-01-27
3104,MANUF.METAL.RHEEM CHILENA LTDA,—,EXPO,Metales y siderurgia,229,331,934920.00,2824.53,2026-01-28
2771,IANSA INGREDIENTES S.A.,76724595-5,IMPO,Azúcar y dulces,65,321,359520.00,1120.00,2025-03-27
2280,ARSA GROUP SPA,76750737-2,IMPO,Aceites y grasas,181,311,648177.08,2084.17,2026-01-26
2289,DISTRIBUIDORA PORTLAND S A,87690900-6,IMPO,Yerba y infusiones,192,276,551873.21,1999.54,2026-01-27
2459,EVERCRISP SNACK PRODUCTS CHILE,94528000-K,IMPO,Otros,275,275,583420.00,2121.53,2026-01-27
2781,MOLARSA CHILE SPA.,76281925-2,IMPO,Envases y embalajes,271,271,565950.03,2088.38,2026-01-29
3060,COLADA CONTINUA CHILENA S.A.,—,EXPO,Metales y siderurgia,171,266,186397.78,700.74,2026-01-30
2264,R Y R IMPORTACIONES LTDA,78630980-8,IMPO,Vidrio y cerámica,257,257,602450.04,2344.16,2026-01-30
2275,HIPERMERCADOS TOTTUS SA,78627210-6,IMPO,Pasta y panificados,208,253,693416.40,2740.78,2026-01-26
2906,PRIMAR S.A.,76859420-1,IMPO,Salmon y pesca,240,240,429428.69,1789.29,2026-01-30
3062,STYROPEK CHILE SPA,—,EXPO,Plásticos y polímeros,234,234,500061.96,2137.02,2026-01-26
2639,POLYTEX S.A.,96777810-9,IMPO,Plásticos y polímeros,233,233,708601.52,3041.21,2026-01-30
2651,BRENNTAG CHILE COMERCIAL E IND,85040900-5,IMPO,Químicos industriales,177,221,591736.04,2677.54,2026-01-28
2641,WINPACK S A,96920980-2,IMPO,Plásticos y polímeros,209,209,619379.51,2963.54,2026-01-30
2507,IMPORTADORA CAFE DO BRASIL S A,93178000-K,IMPO,Cereales y harinas,188,208,428184.27,2058.58,2026-01-31
2296,RENO CHILE S.A.,80485300-6,IMPO,Otros,161,206,579343.25,2812.35,2026-01-30
3003,SUN CHEMICAL CHILE S A,—,EXPO,Yerba y infusiones,206,206,375192.50,1821.32,2026-01-21
2310,SMURFIT KAPPA DE CHILE S.A.,99523020-8,IMPO,Papel y cartón,202,203,480084.71,2364.95,2026-01-30
2252,SOC.COMERCIALIZAD.DEL SUR LTDA,76062693-7,IMPO,Carnes y derivados,202,202,660708.93,3270.84,2026-01-29
2512,EMPRESAS CAROZZI S.A.,96591040-9,IMPO,Yerba y infusiones,156,201,446364.04,2220.72,2026-01-26
3025,CRISTALERIAS TORO S.P.A.,—,EXPO,Envases y embalajes,106,197,200187.14,1016.18,2026-01-08
2373,GRUPO PILAR CHILE SPA,76253967-5,IMPO,Alimentos mascotas,78,189,412300.01,2181.48,2026-01-23
2759,YPF CHILE SA,76162492-K,IMPO,Aceites y grasas,189,189,527621.80,2791.65,2025-12-24
2589,CMPC TISSUE S.A.,96529310-8,IMPO,Otros,163,181,495832.12,2739.40,2026-01-30
2984,QUIMICA RHENIUM LTDA,—,EXPO,Otros,180,180,624552.49,3469.74,2026-01-22
2550,CV TRADING S.A.,78254990-1,IMPO,Cereales y harinas,70,173,333710.00,1928.96,2026-01-21
2636,SALMOFOOD S.A.,96677260-3,IMPO,Cereales y harinas,159,170,729583.87,4291.67,2026-01-29
2374,OCCIDENTAL CHEMICAL CHILE LIMI,93797000-5,IMPO,Químicos industriales,168,169,721760.00,4270.77,2026-01-29
2703,COMERCIALIZADORA TRADECOS CHIL,77763300-7,IMPO,Bebidas,136,167,458126.84,2743.27,2026-01-28
2797,SOC.AGRI.COM.E IND.URCELAY HNO,77382460-6,IMPO,Frutas y verduras,87,167,295559.90,1769.82,2025-12-18
2508,WATT S S.A.,84356800-9,IMPO,Otros,105,167,293200.25,1755.69,2025-12-26
2282,IMP.Y ALIM. ICB FOOD SERVICE L,77965620-9,IMPO,Pasta y panificados,167,167,523495.00,3134.70,2026-01-28
2749,MARFRIG CHILE S.A.,76623620-0,IMPO,Carnes y derivados,163,163,501141.71,3074.49,2026-01-30
2676,OXIQUIM S.A.,80326500-3,IMPO,Yerba y infusiones,136,161,486606.88,3022.40,2026-01-23
2475,EXPORTADORA PACIFICO SUR S.A.,78097910-0,IMPO,Aceites y grasas,82,158,471262.76,2982.68,2026-01-29
2834,EUGENIO RAVERA Y COMPANIA LTDA,88544900-K,IMPO,Vidrio y cerámica,53,156,307850.00,1973.40,2026-01-29
2684,NAMA INTERNACIONAL S A,96924340-7,IMPO,Cereales y harinas,104,155,352245.61,2272.55,2026-01-27
2640,PETROQUIMICA DOW SA,92933000-5,IMPO,Plásticos y polímeros,113,155,467187.02,3014.11,2026-01-29
3050,METALPREN CHILE SPA,—,EXPO,Envases y embalajes,100,155,419500.00,2706.45,2026-01-16
2653,TENARIS GLOBAL SERVICES CHILE,83169800-4,IMPO,Metales y siderurgia,155,155,296081.58,1910.20,2025-11-03
3081,ENVASES IMPRESOS SPA,—,EXPO,Papel y cartón,109,155,269788.29,1740.57,2026-01-28
2259,QUANTUM INTEGRAL S.A.,76146366-7,IMPO,Otros,63,154,350348.71,2274.99,2025-12-17
2737,ALTAS CUMBRES S.A,76603110-2,IMPO,Azúcar y dulces,152,152,468802.73,3084.23,2026-01-24
2896,SOLIMPEX SOCIEDAD ANONIMA,96569170-7,IMPO,Yerba y infusiones,109,151,464550.00,3076.49,2026-01-30
3075,SOC AGRICOLA Y COMERCIAL LTDA,—,EXPO,Frutas y verduras,150,150,309799.99,2065.33,2026-01-29
2711,INDUSTRIA DE CONJUNTOS MECANIC,93367000-7,IMPO,Otros,149,149,283927.27,1905.55,2026-01-30
2272,ROYAL CANIN CHILE LIMITADA,76613670-2,IMPO,Otros,148,148,430279.92,2907.30,2026-01-28
2773,INDUSTRIAS VINICAS S.A.,87550600-5,IMPO,Yerba y infusiones,91,147,248755.60,1692.21,2026-01-29
2570,COMERCIAL K SPA,77137860-9,IMPO,Otros,105,143,296086.18,2070.53,2026-01-29
3076,EMPRESAS CAROZZI S.A.,—,EXPO,Aceites y grasas,54,143,228300.75,1596.51,2026-01-15
2500,SOC.PROCES.DE LECHE DEL SUR SA,92347000-K,IMPO,Envases y embalajes,141,141,512820.00,3637.02,2026-01-29
3053,FIBROCEMENTOS VOLCAN LIMITADA,—,EXPO,Metales y siderurgia,70,140,174600.04,1247.14,2026-01-26
2890,SIBELCO CHILE LTDA.,76861280-3,IMPO,Otros,37,140,161906.33,1156.47,2026-01-19
2458,COCA COLA DE CHILE S.A.,96714870-9,IMPO,Bebidas,138,138,320238.06,2320.57,2026-01-30
2307,CANORO Y ABSOLUTO SPA,77414929-5,IMPO,Aceites y grasas,59,132,276773.68,2096.77,2026-01-29
2657,ALIMENTOS 4M SPA,76367656-0,IMPO,Cereales y harinas,109,132,247992.01,1878.73,2025-12-29
2315,DICOAL  S A,76036730-3,IMPO,Carnes y derivados,119,131,386161.00,2947.79,2026-01-02
2996,AVENATOP S.A.,—,EXPO,Otros,98,131,334084.98,2550.27,2026-01-23
2907,COMERCIALIZADORA Y TRANSFORMAD,76879310-7,IMPO,Metales y siderurgia,75,131,215661.70,1646.27,2026-01-16
2638,ENTEC CHILENA COMERCIALIZADORA,76552590-K,IMPO,Químicos industriales,127,127,378118.75,2977.31,2026-01-23
2276,RECKITT BENCKISER CHILE S.A.,90436000-7,IMPO,Otros,125,125,340970.37,2727.76,2026-01-21
2700,MADIMEX MADERAS LTDA.,76067310-2,IMPO,Otros,71,124,308233.94,2485.76,2026-01-29
2493,PERNOD RICARD CHILE S.A.,96777350-6,IMPO,Bebidas,120,120,250869.22,2090.58,2026-01-20
2277,BAYER S.A.,91537000-4,IMPO,Químicos industriales,70,118,300650.22,2547.88,2026-01-28
2551,PORSCHE CHILE SPA.,76245828-4,IMPO,Otros,115,115,572831.77,4981.15,2026-01-02
2261,AGROCOMERCIAL CODIGUA SPA,77471270-4,IMPO,Lácteos,113,113,358862.50,3175.77,2026-01-12
3121,NEXANS CHILE S.A,—,EXPO,Metales y siderurgia,60,112,274400.00,2450.00,2026-01-30
3011,BALL CHILE S.A.,—,EXPO,Metales y siderurgia,112,112,370232.49,3305.65,2026-01-28
2993,POLYTEX S.A.,—,EXPO,Otros,105,111,241279.23,2173.69,2026-01-06
2827,SUCDEN  CHILE S.A.,94684000-9,IMPO,Azúcar y dulces,46,111,259425.00,2337.16,2026-01-23
2891,BIOGRADE FOOD LTDA,76456140-6,IMPO,Combustibles y gas,35,110,98950.00,899.55,2025-11-03
2637,COMERCIAL SAN FRANCISCO LTDA.,79514620-2,IMPO,Aceites y grasas,53,110,288154.20,2619.58,2026-01-30
2544,EMPRESAS TUCAPEL S.A.,91083000-7,IMPO,Frutas y verduras,54,108,243389.81,2253.61,2026-01-30
2537,AIR LIQUIDE CHILE S A,96590530-8,IMPO,Otros,107,108,358097.00,3315.71,2026-01-28
2477,VIDRIOS LIRQUEN S.A.,90687000-2,IMPO,Vidrio y cerámica,108,108,508170.00,4705.28,2026-01-30
2805,IMPORTADORA B S SOCIEDAD ANONI,85146000-4,IMPO,Vidrio y cerámica,50,108,214750.00,1988.43,2025-11-10
2358,SOPROLE S.A.,76101812-4,IMPO,Otros,108,108,238429.99,2207.69,2026-01-26
2633,IMP.Y EXP. JOSE MARIA BORY E.I,76254972-7,IMPO,Pasta y panificados,107,107,315186.07,2945.66,2026-01-29
2319,CAMILO FERRON CHILE S A,96998510-1,IMPO,Aceites y grasas,32,106,163100.48,1538.68,2026-01-27
2547,KIMBERLYÂíCLARK CHILE S.A.,96888460-3,IMPO,Otros,105,105,207762.06,1978.69,2026-01-16
2793,FRUSELVA AMERICA SPA,76326674-5,IMPO,Frutas y verduras,101,101,198130.02,1961.68,2026-01-28
2832,IMPERIAL S.A.,76821330-5,IMPO,Otros,59,100,218700.00,2187.00,2026-01-21
2314,MINERVA FOODS CHILE SPA,76379198-K,IMPO,Carnes y derivados,96,98,334578.98,3414.07,2026-01-29
2554,NISSAN CHILE SPA,76390989-1,IMPO,Otros,98,98,497892.90,5080.54,2026-01-08
2647,COEMBAL CHILE S.A.,96590620-7,IMPO,Plásticos y polímeros,65,97,194850.00,2008.76,2026-01-28
2788,MATERIALES Y SOLUCIONES S A,96692790-9,IMPO,Vidrio y cerámica,55,97,220240.00,2270.52,2026-01-29
3010,IMERYS MINERALES ARICA LTDA.,—,EXPO,Otros,82,96,175552.30,1828.67,2026-01-29
2548,DPS CHILE COMERCIAL LIMITADA,79921330-3,IMPO,Envases y embalajes,93,93,208600.00,2243.01,2026-01-28
2408,CERVECERIA CHILE S A,96547710-1,IMPO,Papel y cartón,64,92,236257.80,2568.02,2026-01-14
2964,DISTRIBUIDORA CARBON LISTO LIM,78884320-8,IMPO,Combustibles y gas,82,92,239211.70,2600.13,2026-01-30
2688,TERRAMAR CHILE SPA,77620020-4,IMPO,Cereales y harinas,91,92,321091.00,3490.12,2026-01-29
2443,AMSTER S.A.,81151200-1,IMPO,Metales y siderurgia,91,91,201150.02,2210.44,2026-01-28
3117,INDUSTRIA DE CONJUNTOS MECANIC,—,EXPO,Otros,90,90,138703.18,1541.15,2026-01-27
3063,MARINE HARVEST CHILE S.A.,—,EXPO,Salmon y pesca,88,88,402100.00,4569.32,2026-01-30
2670,DISTRIBUIDORA PAPELES INDUSTRI,93558000-5,IMPO,Papel y cartón,56,88,245040.76,2784.55,2026-01-16
2427,FABRICA DE PERNOS Y TORNILLOS,91410000-3,IMPO,Otros,57,87,181263.80,2083.49,2025-11-21
3030,AGROSPEC S.A.,—,EXPO,Metales y siderurgia,86,86,70500.00,819.77,2026-01-29
2260,EMPRESA NAC DE ENERGIA ENEX SA,92011000-2,IMPO,Aceites y grasas,86,86,456148.58,5304.05,2026-01-29
2503,CLOROX CHILE S A,96681470-5,IMPO,Plásticos y polímeros,84,84,115419.99,1374.05,2026-01-22
3074,COMERCIAL DIALUM S.A.,—,EXPO,Vidrio y cerámica,84,84,176390.00,2099.88,2026-01-14
2956,PROD. NUTRICIONALES CHILE LTDA,76008233-3,IMPO,Cereales y harinas,29,81,164439.00,2030.11,2025-12-16
2716,VULCANO CHILE S A,59052970-2,IMPO,Otros,79,79,180388.99,2283.40,2026-01-30
2325,NALCO INDUSTRIAL SERVICES CHIL,85417200-K,IMPO,Otros,78,78,183715.01,2355.32,2026-01-30
3298,SOCIEDAD INDUSTRIAL PIZARRENO,—,EXPO,Otros,26,78,118550.01,1519.87,2026-01-09
3090,SINCLAIR INTER. SOUTH AMERICA,—,EXPO,Otros,77,77,227823.64,2958.75,2026-01-27
3097,SOC AGRICOLA LA ROSA SOFRUCO S,—,EXPO,Frutas y verduras,77,77,136479.00,1772.45,2026-01-27
2809,AISLANTES VOLCAN S.A.,96848750-7,IMPO,Otros,33,77,112480.00,1460.78,2026-01-28
3131,DURACELL PILAS LIMITADA,—,EXPO,Electrónica,76,76,180299.98,2372.37,2026-01-09
2701,METALURGICA SILCOSIL LIMITADA,79909150-K,IMPO,Madera y corcho,47,74,182762.08,2469.76,2026-01-29
2673,VETERQUIMICA S.A.,82524300-3,IMPO,Bebidas,33,74,123450.00,1668.24,2026-01-21
2863,EMPRESA NACIONAL DEL PETROLEO,92604000-6,IMPO,Otros,15,74,88027.09,1189.56,2026-01-29
2934,SUNSWEET CHILE S.A.,76371350-4,IMPO,Otros,72,72,146960.00,2041.11,2026-01-21
3156,ESSITY CHILE S.A.,—,EXPO,Otros,66,71,150550.04,2120.42,2026-01-22
2924,BARRY CALLEBAUT CHILE SPA,76237647-4,IMPO,Azúcar y dulces,61,71,150000.00,2112.68,2026-01-30
2308,DIANA NATURALS CHILE SPA,96694680-6,IMPO,Otros,70,70,184417.06,2634.53,2026-01-30
2333,KRAH AMERICA LATINA S.A.,76014035-K,IMPO,Maquinaria y equipos,70,70,206113.03,2944.47,2026-01-30
2263,LEVADURAS COLLICO S.A,84750800-0,IMPO,Aceites y grasas,69,69,183644.38,2661.51,2026-01-30
2391,AVERY DENNISON CHILE S A,96721090-0,IMPO,Papel y cartón,68,68,120758.15,1775.86,2026-01-16
2389,NATURA COSMETICOS S A,96575280-3,IMPO,Otros,68,68,108655.15,1597.87,2026-01-26
2457,MONDELEZ CHILE S.A.,96720910-4,IMPO,Azúcar y dulces,68,68,226239.98,3327.06,2025-12-22
3057,COCA COLA DE CHILE S.A.,—,EXPO,Bebidas,68,68,459590.00,6758.68,2026-01-27
2432,EBEMA S.A.,83585400-0,IMPO,Vidrio y cerámica,41,67,137316.45,2049.50,2025-12-26
2925,DIFEM LABORATORIOS S.A.,79581120-6,IMPO,Otros,34,67,194425.00,2901.87,2026-01-30
2377,INV. Y SERV. ILAN LTDA.,77756630-K,IMPO,Azúcar y dulces,67,67,183800.02,2743.28,2026-01-26
2757,QUIMICA RHENIUM LTDA,89730300-0,IMPO,Otros,66,66,231000.00,3500.00,2026-01-07
2738,COMERCIAL PORVENIR LIMITADA,76217386-7,IMPO,Lácteos,66,66,201145.45,3047.66,2026-01-23
2687,ALIMENTOS DEL SUR SPA,76270762-4,IMPO,Carnes y derivados,65,66,211496.82,3204.50,2025-11-18
2654,GRANELES DE CHILE S A,96725160-7,IMPO,Cereales y harinas,44,65,162002.08,2492.34,2025-11-11
3002,AMCOR FLEXIBLES CHILE LTDA.,—,EXPO,Otros,65,65,61500.00,946.15,2026-01-27
2265,IMPORTADORA NORTEYSUR LIMITADA,76430706-2,IMPO,Frutas y verduras,65,65,214662.35,3302.50,2026-01-29
2251,ESMAX DISTRIBUCION SPA,79588870-5,IMPO,Otros,64,64,230200.02,3596.88,2025-12-18
2810,GASCO GLP S A,96568740-8,IMPO,Combustibles y gas,26,64,132554.67,2071.17,2026-01-20
2751,ALIMENTOS Y ACEITES SPA,76505808-2,IMPO,Aceites y grasas,34,63,158107.67,2509.65,2026-01-29
2756,STYROPEK CHILE SPA,76493147-5,IMPO,Otros,63,63,310704.34,4931.81,2026-01-29
2331,CIA.PISQUERA DE CHILE S.A.,99586280-8,IMPO,Otros,43,63,137302.52,2179.41,2026-01-21
2446,COSMETICA NACIONAL S.A,77790420-5,IMPO,Otros,63,63,164213.31,2606.56,2026-01-23
2360,DIST COMERCIAL DIMAK LTDA,78809560-0,IMPO,Bebidas,62,63,255822.61,4060.68,2026-01-28
2403,ENVASES CMF SOCIEDAD ANONIMA,86881400-4,IMPO,Otros,34,62,129680.00,2091.61,2025-10-24
2987,INDUSTRIAL OENEO SUDAMERICA LI,—,EXPO,Madera y corcho,62,62,53315.80,859.93,2026-01-29
2439,PATAGONIA TIMBER SPA,76530459-8,IMPO,Madera y corcho,62,62,105700.04,1704.84,2026-01-30
2796,CONSTRUMART S A,96511460-2,IMPO,Otros,39,62,129860.01,2094.52,2025-12-17
2852,L OREAL CHILE S A,79693930-3,IMPO,Farmacia y salud,61,61,213499.97,3500.00,2026-01-27
2513,PROMERCO S.A.,79684790-5,IMPO,Azúcar y dulces,61,61,190614.43,3124.83,2026-01-21
2943,COMPANIA AGROPECUARIA COPEVAL,81290800-6,IMPO,Plásticos y polímeros,61,61,123590.01,2026.07,2026-01-30
3042,SALMONES MULTIEXPORT S.A.,—,EXPO,Salmon y pesca,59,59,165530.03,2805.59,2026-01-30
2368,SURLAT COMERCIAL S.A.,96954210-2,IMPO,Azúcar y dulces,59,59,156550.00,2653.39,2026-01-23
2982,NALCO INDUSTRIAL SERVICES CHIL,—,EXPO,Otros,56,57,113947.23,1999.07,2025-11-26
2316,COMON S.A.,76073937-5,IMPO,Aceites y grasas,57,57,176599.98,3098.25,2026-01-15
2931,VIA PACIFICO SPA,76181673-K,IMPO,Químicos industriales,28,56,101500.00,1812.50,2026-01-28
3173,FORSAC S.A.,—,EXPO,Papel y cartón,55,56,157929.21,2820.16,2026-01-12
3015,SQM INDUSTRIAL S.A.,—,EXPO,Minerales y fertilizantes,29,56,88655.00,1583.12,2025-12-24
2301,ALIMENTOS Y FRUTOS S.A.,96557910-9,IMPO,Otros,55,55,169205.51,3076.46,2026-01-22
2835,COMERCIAL HISPANO CHILENA LIMI,79903920-6,IMPO,Vidrio y cerámica,32,55,116899.96,2125.45,2026-01-21
2323,AGUAS CCUÂíNESTLE CHILE S.A.,76007212-5,IMPO,Otros,55,55,83530.00,1518.73,2026-01-21
3018,SOC QUIMICA INDUSTRIAL Y COMER,—,EXPO,Otros,54,54,108965.02,2017.87,2026-01-16
2783,KNAUF CHILE SPA,76201342-8,IMPO,Materiales construcción,21,52,47100.01,905.77,2026-01-29
3028,CORTEVA AGRISCIENCE CHILE LIMI,—,EXPO,Cereales y harinas,25,52,123870.00,2382.12,2025-10-16
3137,DERCO S.A.,—,EXPO,Vehículos y autopartes,51,51,157500.02,3088.24,2026-01-13
2438,INNOVA LTDA,77075450-K,IMPO,Cereales y harinas,46,51,109820.00,2153.33,2026-01-30
2291,SYMRISE S.A.,93793000-3,IMPO,Otros,50,50,145088.92,2901.78,2026-01-28
2607,CERVECERA CCU CHILE LIMITADA,96989120-4,IMPO,Otros,39,50,76314.99,1526.30,2026-01-28
3251,IDEAL S.A.,—,EXPO,Químicos industriales,47,49,142000.00,2897.96,2026-01-21
3019,POLYGAL SUD S.A.,—,EXPO,Metales y siderurgia,49,49,94799.96,1934.69,2026-01-16
3143,KIMBERLYÂíCLARK CHILE S.A.,—,EXPO,Pasta y panificados,43,49,73569.02,1501.41,2025-12-03
2628,ALFA CHILENA ALIMENTOS LIMITAD,91974000-0,IMPO,Pasta y panificados,35,49,120070.00,2450.41,2026-01-27
2978,ALFA CHILENA ALIMENTOS LIMITAD,—,EXPO,Minerales y fertilizantes,47,47,102155.98,2173.53,2026-01-20
2918,QUIMATIC SPA,81846100-3,IMPO,Cereales y harinas,38,47,132500.00,2819.15,2026-01-30
3013,FLSMIDTH S.A.,—,EXPO,Otros,46,46,56642.77,1231.36,2026-01-20
2723,ALIMENTOS FRUNA LTDA,84156500-2,IMPO,Plásticos y polímeros,34,46,83806.30,1821.88,2025-12-12
3067,CMPC CELULOSA S.A.,—,EXPO,Papel y cartón,31,46,108941.21,2368.29,2026-01-30
2988,METSO OUTOTEC CHILE SPA,—,EXPO,Otros,46,46,37157.46,807.77,2026-01-26
2909,SALOMON SACK S A,90970000-0,IMPO,Metales y siderurgia,33,46,61497.73,1336.91,2026-01-14
3034,CERMAQ CHILE S.A.,—,EXPO,Salmon y pesca,46,46,195679.01,4253.89,2025-12-02
2484,AMERICAN BIOPROCESS LTDA.,76289699-0,IMPO,Aceites y grasas,37,45,154037.30,3423.05,2026-01-14
2780,REFRACTARIOS IUNGE LTDA.,79553940-9,IMPO,Otros,15,45,68598.20,1524.40,2026-01-13
2357,MASIVOS S A,76325490-9,IMPO,Azúcar y dulces,43,44,86643.77,1969.18,2026-01-30
2695,SOC.DIST.DE PROD.CABAGAN LTDA,96871970-K,IMPO,Cereales y harinas,23,44,90074.80,2047.15,2026-01-20
2248,NOVOPLAST S.A.,77859490-0,IMPO,Otros,17,44,49600.00,1127.27,2025-09-25
2258,CODELCO CHILE,61704000-K,IMPO,Otros,43,44,120233.09,2732.57,2026-01-29
2506,AMPACET CHILE LIMITADA,76208350-7,IMPO,Otros,43,43,107354.44,2496.61,2026-01-30
2820,CAMBIASO HNOS S A C,91438000-6,IMPO,Otros,43,43,158000.00,3674.42,2025-12-02
2470,GSK CONSUMER HEALTHCAREÃÂÚÂÂ CHI,77316342-1,IMPO,Lácteos,43,43,110039.97,2559.07,2026-01-09
2784,EASY RETAIL S.A.,76568660-1,IMPO,Vidrio y cerámica,22,43,94250.00,2191.86,2026-01-27
2842,CÂíPOWER CHILE S.P.A.,76114371-9,IMPO,Combustibles y gas,17,42,57624.00,1372.00,2025-12-12
3044,MONTEVERDE S.A.,—,EXPO,Cereales y harinas,42,42,171590.00,4085.48,2026-01-22
3171,PATAGONIAFRESH S.A.,—,EXPO,Otros,11,41,48775.94,1189.66,2026-01-06
2393,SIEGWERK CHILE S.A.,96764410-2,IMPO,Químicos industriales,41,41,78780.10,1921.47,2026-01-30
2556,ANASAC CHILE S.A.,76075832-9,IMPO,Otros,39,40,100761.01,2519.03,2026-01-23
3099,EVERCRISP SNACK PRODUCTS CHILE,—,EXPO,Otros,40,40,151450.04,3786.25,2025-07-23
2965,COMERCIALIZADORA EL GAUCHO S.A,76008802-1,IMPO,Combustibles y gas,31,40,59700.00,1492.50,2026-01-22
2768,COMERCIAL SEA GARDEN SPA,76095906-5,IMPO,Salmon y pesca,39,39,135169.80,3465.89,2026-01-28
2660,DIDEVAL SOCIEDAD COMERCIAL LTD,86522600-4,IMPO,Yerba y infusiones,25,39,134800.00,3456.41,2026-01-12
2395,MATHIESEN S A C,92207000-8,IMPO,Otros,39,39,52354.61,1342.43,2026-01-23
2445,HENKEL CHILE LTDA.,78803490-3,IMPO,Otros,34,39,78521.24,2013.37,2026-01-30
3001,INDUSTRIAS CHILENAS DE ALAMBRE,—,EXPO,Metales y siderurgia,36,38,79278.08,2086.27,2026-01-21
2748,VITAL JUGOS SA,93899000-K,IMPO,Bebidas,28,38,90000.03,2368.42,2025-12-09
2448,DISTRIBUIDORA MANAR LTDA.,77428590-3,IMPO,Otros,28,38,45287.00,1191.76,2025-12-31
3080,PANIMEX QUIMICA LTDA,—,EXPO,Pasta y panificados,38,38,75150.00,1977.63,2026-01-28
2335,EMB.CHILENAS UNIDAS S.A.,99501760-1,IMPO,Otros,37,37,29647.52,801.28,2026-01-21
2246,FAST FOOD CHILE S.A.,76414061-3,IMPO,Otros,36,36,102237.00,2839.92,2026-01-29
2789,RIVULIS PLASTRO RIEGO LIMITADA,96913660-0,IMPO,Otros,21,36,62582.84,1738.41,2025-12-29
2388,COMERCIAL E IND.BIOAROM LTDA.,77794280-8,IMPO,Otros,36,36,60953.23,1693.15,2026-01-30
2262,DULCINEA S.A.,99502980-4,IMPO,Yerba y infusiones,35,35,100845.26,2881.29,2026-01-21
2952,ALVAL SPA,76293939-8,IMPO,Cereales y harinas,29,34,69800.03,2052.94,2026-01-05
2267,CONDENSA S.A.,93456000-0,IMPO,Otros,33,33,165000.00,5000.00,2026-01-30
2897,PATAGONIA TRANS INT. LTDA,76091014-7,IMPO,Aceites y grasas,28,33,100668.90,3050.57,2026-01-13
3129,CERVECERA CCU CHILE LIMITADA,—,EXPO,Bebidas,13,33,77250.10,2340.91,2025-12-10
3158,MASONITE CHILE S.A.,—,EXPO,Madera y corcho,33,33,105600.00,3200.00,2025-12-22
3078,RITRAMA S.A,—,EXPO,Otros,33,33,56554.46,1713.77,2025-12-30
2326,HEMPEL A/S CHILE LTDA,87605600-3,IMPO,Yerba y infusiones,32,32,80344.64,2510.77,2025-12-23
3064,HUNTER DOUGLAS CHILE S.A.,—,EXPO,Otros,32,32,78311.26,2447.23,2026-01-28
3206,FINNING CHILE S.A.,—,EXPO,Otros,31,32,85359.50,2667.48,2026-01-28
2692,IMPORTADORA CAPRILE LTDA,79694980-5,IMPO,Cereales y harinas,32,32,76850.00,2401.56,2026-01-28
2905,CONTITECH CHILE SA,83070800-6,IMPO,Otros,32,32,61556.43,1923.64,2026-01-20
3118,GRUPO TONELERO ANDINO LIMITADA,—,EXPO,Otros,32,32,31683.99,990.12,2025-12-30
3065,EXTRACTOS NATURALES GELYMAR S,—,EXPO,Otros,31,31,34675.06,1118.55,2026-01-23
2822,DIMERC S A,96670840-9,IMPO,Papel y cartón,7,31,34720.00,1120.00,2025-12-12
2467,SHERWIN WILLIAMS CHILE S A,96803460-K,IMPO,Otros,31,31,77954.30,2514.65,2026-01-30
2817,MOSAICO S.A.,78030500-2,IMPO,Vidrio y cerámica,17,31,69090.00,2228.71,2025-12-17
2758,EMARESA INGENIEROS Y REPRESENT,83162400-0,IMPO,Textil y calzado,31,31,88300.00,2848.39,2026-01-23
3092,EXPORTADORA PRIZE LTDA.,—,EXPO,Frutas y verduras,31,31,91800.02,2961.29,2026-01-30
2903,COMERCIO INT.TAGLER S.A.,78088970-5,IMPO,Otros,30,31,53840.00,1736.77,2026-01-26
3236,SUGAL CHILE LIMITADA,—,EXPO,Frutas y verduras,8,31,43856.00,1414.71,2025-12-23
2718,COMERCIAL CARNES EL QUINCHO LI,76249066-8,IMPO,Carnes y derivados,30,30,78699.98,2623.33,2026-01-27
2706,AGRIC.Y COM. GRANO FISH LTDA.,77956220-4,IMPO,Cereales y harinas,12,30,70026.00,2334.20,2025-12-02
2608,COOP AGRICOLA Y LECHERA DE LA,81094100-6,IMPO,Otros,30,30,45949.98,1531.67,2025-12-18
2253,FBS FOOD & BEVERAGE SUPPLY SPA,76270374-2,IMPO,Frutas y verduras,30,30,97000.03,3233.33,2025-12-23
2870,EPTA CHILE SPA,76296073-7,IMPO,Otros,30,30,124180.90,4139.36,2025-12-18
2632,PHILIP MORRIS CHILE COMERC.LTD,77619830-7,IMPO,Tabaco,28,30,121144.17,4038.14,2026-01-26
2983,ARCHROMA CHILE LIMITADA,—,EXPO,Otros,30,30,67561.64,2252.05,2026-01-26
2811,AGRICOLA MONTE OLIVO S.A.,99578980-9,IMPO,Aceites y grasas,29,30,104400.00,3480.00,2025-11-24
2658,CHRISTENSEN CHILE S.A.,96515290-3,IMPO,Metales y siderurgia,30,30,52258.38,1741.95,2026-01-27
3036,H B FULLER CHILE S P A,—,EXPO,Otros,30,30,64105.04,2136.83,2025-12-01
3070,DEGESCH DE CHILE LTDA,—,EXPO,Otros,30,30,42600.01,1420.00,2026-01-13
3096,LAFRUT LTDA.,—,EXPO,Frutas y verduras,30,30,89700.01,2990.00,2026-01-27
2366,ARIZTIA COMERCIAL LIMITADA,83614800-2,IMPO,Congelados y helados,29,29,96100.00,3313.79,2026-01-14
3046,AJAY SQM CHILE S.A.,—,EXPO,Otros,29,29,53560.00,1846.90,2026-01-20
2802,AGRICOB S.A.,76823660-7,IMPO,Otros,26,29,86160.00,2971.03,2026-01-28
2717,MASTER MARTINI CHILE SPA,76099732-3,IMPO,Azúcar y dulces,15,29,51850.00,1787.93,2025-12-16
2486,INDURA SA,91335000-6,IMPO,Otros,28,28,74310.73,2653.95,2026-01-26
3324,KRAH AMERICA LATINA S.A.,—,EXPO,Otros,24,28,83800.00,2992.86,2026-01-21
2685,COMERCIALIZADORA INTERANDINA S,78901250-4,IMPO,Carnes y derivados,28,28,89400.00,3192.86,2025-08-19
2398,LABORATORIO BALLERINA LTDA.,92405000-4,IMPO,Otros,28,28,33455.00,1194.82,2026-01-29
3111,AGROSUPER COM. DE ALIMENTOS LT,—,EXPO,Carnes y derivados,28,28,107296.99,3832.04,2026-01-09
2479,BECTON SOCIEDAD ANONIMA,96512030-0,IMPO,Papel y cartón,26,28,65100.00,2325.00,2025-11-27
2818,REHAU S A,96571160-0,IMPO,Plásticos y polímeros,28,28,71149.29,2541.05,2026-01-27
2375,KRONES CHILE SPA,76553455-0,IMPO,Otros,24,28,72099.99,2575.00,2025-12-26
3151,LOUISIANA PACIFIC CHILE S A,—,EXPO,Otros,14,28,60519.99,2161.43,2026-01-06
2397,COSMETICOS AVON S A,85077900-7,IMPO,Maquinaria y equipos,27,27,30239.98,1120.00,2025-12-19
2899,EXPORTADORA LOS FIORDOS LTDA.,79872420-7,IMPO,Cereales y harinas,18,27,94671.78,3506.36,2026-01-29
2420,COBRE CERRILLOS S.A.,91449000-6,IMPO,Químicos industriales,27,27,49995.00,1851.67,2025-12-17
2359,COLCHONES ROSEN S.A.I.C,93129000-2,IMPO,Textil y calzado,27,27,86899.99,3218.52,2026-01-26
2734,AGR.LAS TRES ERRE LTDA.(I),78159820-8,IMPO,Cereales y harinas,23,27,51215.02,1896.85,2026-01-27
2341,CRISTALERIAS TORO S.P.A.,93372000-4,IMPO,Otros,11,27,40482.00,1499.33,2026-01-16
3157,CAIMI S A C,—,EXPO,Otros,27,27,37790.04,1399.63,2025-12-24
3159,NETAFIM CHILE LIMITADA,—,EXPO,Plásticos y polímeros,27,27,18899.61,699.99,2026-01-30
2627,CASO Y CIA SAC,92423000-2,IMPO,Otros,26,26,53720.00,2066.15,2026-01-26
2990,LAFITTE CHILE Y CIA. LTDA.,—,EXPO,Plásticos y polímeros,26,26,30100.01,1157.69,2026-01-27
3007,GREIF EMBALAJES INDUSTRIALES S,—,EXPO,Envases y embalajes,26,26,95200.00,3661.54,2025-10-30
2440,INDUSTRIAS FLORAMATIC LTDA.,82062500-5,IMPO,Otros,26,26,61493.52,2365.14,2026-01-26
2646,FRUTICOLA AGRICHILE S.A.,96618010-2,IMPO,Otros,26,26,114399.99,4400.00,2025-09-16
3133,GRANJA MARINA CHAUQUEAR LTDA.,—,EXPO,Carnes y derivados,25,25,84454.50,3378.18,2025-12-23
2423,BASF CHILE S A,80043600-1,IMPO,Plásticos y polímeros,25,25,86070.01,3442.80,2026-01-29
2747,ELABORADORA DE ALIMENTOS FRUTA,79746250-0,IMPO,Otros,25,25,47000.00,1880.00,2025-11-05
2371,PIRELLI NEUMATICOS CHILE LTDA.,77072570-4,IMPO,Vehículos y autopartes,25,25,34413.36,1376.53,2026-01-13
3107,COMERCIAL ALTASUR CHILE LTDA.,—,EXPO,Madera y corcho,24,24,19835.18,826.47,2026-01-27
2792,ALGAS MARINAS S.A. ALGAMAR,93776000-0,IMPO,Otros,8,24,41600.00,1733.33,2026-01-21
2941,MELON S.A.,76109779-2,IMPO,Envases y embalajes,22,24,50937.00,2122.38,2025-12-04
2451,PENGUIN RANDOM HOUSE GRUPO EDI,79845070-0,IMPO,Otros,24,24,24113.96,1004.75,2025-12-16
3115,TONELERIA NACIONAL LTDA,—,EXPO,Madera y corcho,20,24,27812.71,1158.86,2026-01-26
2284,LINDE GAS CHILE S.A.,90100000-K,IMPO,Otros,24,24,54841.36,2285.06,2026-01-16
3047,ILKO INTERNACIONAL LTDA.,—,EXPO,Envases y embalajes,24,24,34867.86,1452.83,2025-11-26
2846,ACONCAGUA FOODS S.A.,76099789-7,IMPO,Otros,15,24,59620.00,2484.17,2026-01-21
2603,FRUTAROM CHILE S.A,76060397-K,IMPO,Otros,23,23,21262.82,924.47,2026-01-23
3052,POCHTECA CHILE S.A.,—,EXPO,Otros,23,23,68618.93,2983.43,2026-01-27
3119,FLEXCO DE CHILE SPA,—,EXPO,Vehículos y autopartes,23,23,20698.00,899.91,2026-01-08
2286,ELAB.DE COBRE VINA DEL MAR S.A,93698000-7,IMPO,Plásticos y polímeros,21,23,51047.99,2219.48,2026-01-30
2396,KLUBER LUBRICATION CHILE LTDA,77103920-0,IMPO,Otros,23,23,48299.98,2100.00,2026-01-23
2620,QUIMICA MIRALLES S.A.,89686900-0,IMPO,Otros,23,23,49500.00,2152.17,2026-01-15
2913,IPACER S.A.,99510380-K,IMPO,Metales y siderurgia,12,23,35141.45,1527.89,2025-11-28
3091,WENCO S.A.,—,EXPO,Otros,23,23,47690.01,2073.48,2026-01-28
3108,COLCHONES ROSEN S.A.I.C,—,EXPO,Otros,22,22,54852.75,2493.31,2025-10-21
2709,COMERCIAL SOCAM LIMITADA,76690720-2,IMPO,Plásticos y polímeros,22,22,37801.76,1718.26,2026-01-26
2324,NEXANS CHILE S.A,76032263-6,IMPO,Otros,22,22,39743.99,1806.54,2025-12-18
3066,UNIPAPEL SA,—,EXPO,Papel y cartón,13,22,57100.00,2595.45,2025-12-22
2525,LABORATORIO CHILE S.A.,77596940-7,IMPO,Otros,18,22,49844.12,2265.64,2026-01-28
3073,COSAYACH NITRATOS S.A.,—,EXPO,Minerales y fertilizantes,6,22,42300.00,1922.73,2025-10-18
3135,COMERCIALIZADORA STOCKSUR CHIL,—,EXPO,Otros,22,22,17908.72,814.03,2025-11-21
3049,UNILEVER CHILE SCC LIMITADA,—,EXPO,Otros,22,22,69076.00,3139.82,2026-01-23
2680,COMERCIAL IMPORTADORA Y EXPORT,76899720-9,IMPO,Combustibles y gas,11,22,55000.00,2500.00,2025-09-24
2555,CHEMIE S.A.,79813740-9,IMPO,Otros,22,22,32166.02,1462.09,2026-01-30
2779,VALLE DEL NORTE LIMITADA,77896350-7,IMPO,Otros,20,21,28499.99,1357.14,2025-12-16
2682,SUSARON COMERCIAL LIMITADA,77996400-0,IMPO,Carnes y derivados,21,21,66800.00,3180.95,2025-12-23
3166,SMARTNUTS SPA,—,EXPO,Otros,21,21,31600.02,1504.76,2025-12-22
2313,CONSORCIO INDUSTRIAL DE ALIMEN,80186300-0,IMPO,Otros,21,21,73994.33,3523.54,2026-01-06
2728,IMP. COMERCIAL STARFOOD LTDA.,78279920-7,IMPO,Otros,19,21,39626.00,1886.95,2025-12-29
3106,CULTIVOS YADRAN S.A.,—,EXPO,Salmon y pesca,21,21,61164.72,2912.61,2026-01-30
3077,COSMETICA NACIONAL S.A,—,EXPO,Otros,21,21,33473.94,1594.00,2026-01-19
3268,NORACID S.A.,—,EXPO,Minerales y fertilizantes,11,20,29250.00,1462.50,2025-06-17
3035,DSI UNDERGROUND  CHILE SPA,—,EXPO,Otros,20,20,41249.99,2062.50,2025-05-29
2254,KUPFER Y KUPFER S A,78154310-1,IMPO,Vidrio y cerámica,20,20,48800.00,2440.00,2025-08-13
2613,COMERCIAL DAVIS S.A.,92621000-9,IMPO,Otros,20,20,13124.99,656.25,2025-12-12
2786,TASSAROLI CHILE LTDA.,79854150-1,IMPO,Otros,20,20,35800.00,1790.00,2025-12-22
2908,VH MANUFACTURA DE TUBOS DE ACE,92814000-8,IMPO,Metales y siderurgia,13,20,35141.25,1757.06,2026-01-14
2775,IND.NAC.DE ENVASES S.A.,96502580-4,IMPO,Farmacia y salud,20,20,29794.99,1489.75,2026-01-30
2309,DANISCO CHILE S A,96627500-6,IMPO,Otros,20,20,48282.73,2414.14,2025-12-11
2385,DIVERSEY INDUSTRIAL Y COMERCIA,96862200-5,IMPO,Otros,20,20,39392.35,1969.62,2025-11-28
2285,NUTRIANIMAL S.A,76054156-7,IMPO,Farmacia y salud,20,20,44800.01,2240.00,2026-01-28
2666,AGROSPEC S.A.,79670620-1,IMPO,Envases y embalajes,19,19,43530.96,2291.10,2025-12-22
2575,SCHNEIDER ELECTRIC CHILE S A,96592740-9,IMPO,Otros,19,19,34190.00,1799.47,2026-01-16
2601,PROCTER & GAMBLE CHILE LIMITAD,96656660-4,IMPO,Otros,19,19,56400.00,2968.42,2026-01-21
2625,CARTULINAS CMPC S.A.,96731890-6,IMPO,Otros,19,19,96121.00,5059.00,2025-11-17
2869,FRIGORIFICO KARMAC SPA,76066832-K,IMPO,Aceites y grasas,19,19,60416.33,3179.81,2026-01-22
2902,EWOS CHILE ALIMENTOS LIMITADA,77424780-7,IMPO,Cereales y harinas,7,19,40089.93,2110.00,2025-06-02
2979,AGRICOLA CRAN CHILE LTDA,—,EXPO,Otros,19,19,39300.00,2068.42,2026-01-17
3031,SCHNEIDER ELECTRIC CHILE S A,—,EXPO,Yerba y infusiones,19,19,26105.01,1373.95,2026-01-23
3085,RESINAS DEL BIO BIO S.A.,—,EXPO,Químicos industriales,18,19,52600.00,2768.42,2025-11-26
3155,INTERNAT. PAPER CARTONES LTDA,—,EXPO,Papel y cartón,19,19,43200.00,2273.68,2025-05-05
3313,AUSTRALIS MAR S.A.,—,EXPO,Salmon y pesca,19,19,93100.00,4900.00,2025-12-24
3068,RIVULIS PLASTRO RIEGO LIMITADA,—,EXPO,Otros,18,18,28064.18,1559.12,2026-01-30
3312,EMBALAJES STANDARD LIMITADA,—,EXPO,Madera y corcho,18,18,36069.32,2003.85,2025-11-28
2808,COMERCIAL WENDY S CHILE LTDA,76306594-4,IMPO,Frutas y verduras,18,18,33522.32,1862.35,2025-09-15
3089,CAMILO FERRON CHILE S A,—,EXPO,Aceites y grasas,18,18,37550.00,2086.11,2026-01-29
2294,PEUGEOT CHILE S.A.,84687500-K,IMPO,Papel y cartón,18,18,41527.19,2307.07,2026-01-29
2689,GLOBAL PROTEIN S.A.,96948490-0,IMPO,Carnes y derivados,18,18,62958.20,3497.68,2025-08-12
2400,SKF CHILENA S.A.I.C.,93779000-7,IMPO,Otros,18,18,12574.92,698.61,2025-12-29
3214,COMERCIAL SURANDINA LTDA,—,EXPO,Otros,12,18,22231.50,1235.08,2025-11-28
2697,IMP Y EXP. HOMAR S.P.A.,76505519-9,IMPO,Cereales y harinas,17,18,38610.00,2145.00,2026-01-30
2362,PROQUIEL QUIMICOS LIMITADA,79559670-4,IMPO,Químicos industriales,18,18,54172.44,3009.58,2026-01-14
2433,SANITARIOS DE CHILE S.A.,76144443-3,IMPO,Textil y calzado,18,18,50447.96,2802.66,2026-01-15
3202,SOC.COM.EXCED.IND.POLIPLAS LTD,—,EXPO,Otros,6,18,30656.00,1703.11,2025-11-27
3043,STROBEL SPA,—,EXPO,Textil y calzado,18,18,13200.00,733.33,2025-12-24
2298,GENOMMA LAB. CHILE S.A.,99590850-6,IMPO,Lácteos,17,17,36449.98,2144.12,2026-01-20
2577,MONSANTO CHILE S.A.,83693800-3,IMPO,Otros,17,17,29924.99,1760.29,2026-01-28
2752,SOC.DE INV.PANORAMICA LTDA.,76221415-6,IMPO,Cereales y harinas,9,17,55850.00,3285.29,2025-11-18
2833,COMERCIAL HABITAR SPA,77187170-4,IMPO,Vidrio y cerámica,15,17,48350.00,2844.12,2026-01-20
3082,REFRACTARIOS IUNGE LTDA.,—,EXPO,Materiales construcción,17,17,36299.97,2135.29,2025-12-19
3014,AMPACET CHILE LIMITADA,—,EXPO,Otros,16,16,29635.00,1852.19,2025-11-21
3142,CERVECERIA KUNSTMANN S A,—,EXPO,Bebidas,16,16,87200.00,5450.00,2025-12-24
3295,SALMONES ANTARTICA S.A.,—,EXPO,Alimentación animal,13,16,35700.00,2231.25,2026-01-22
2940,CARBO CHILE S.A.,96790460-0,IMPO,Otros,16,16,28800.00,1800.00,2026-01-30
2266,ADAMA CHILE S.A.,76257494-2,IMPO,Otros,16,16,54499.99,3406.25,2025-11-03
2546,COM. ABRAHAM PICHARA Y CIA.LTD,78737870-6,IMPO,Farmacia y salud,16,16,44772.60,2798.29,2026-01-29
2714,JUAN BAS ALIMENTOS S A,96877680-0,IMPO,Frutas y verduras,13,16,32326.00,2020.38,2026-01-28
2922,STA.ROSA CHILE ALIMENTOS LTDA.,78627340-4,IMPO,Lácteos,16,16,48200.00,3012.50,2026-01-16
2492,FABRICA DE PLASTICOS JCK SPA,76210976-K,IMPO,Otros,16,16,39600.00,2475.00,2025-07-11
2962,BRUEGGEN AMERICA S.A.,76493368-0,IMPO,Cereales y harinas,6,16,26400.00,1650.00,2025-04-25
2898,RESINAS CHILENAS SPA,89733800-9,IMPO,Otros,8,16,40826.34,2551.65,2026-01-22
3123,ARGENTA LTDA.,—,EXPO,Otros,16,16,9636.00,602.25,2026-01-28
2271,SOC RIADI LTDA,78493650-3,IMPO,Plásticos y polímeros,16,16,45650.00,2853.12,2026-01-19
2434,SIKA S A CHILE,91947000-3,IMPO,Otros,16,16,54100.00,3381.25,2026-01-14
3195,SOCIEDAD INDUSTRIAL ROMERAL S.,—,EXPO,Papel y cartón,8,16,32450.01,2028.13,2026-01-27
3327,BETTA AGROEXPORT SPA,—,EXPO,Frutas y verduras,16,16,31550.00,1971.88,2026-01-27
2487,CHEMINOVA  CHILE LTDA.,76069454-1,IMPO,Otros,15,15,61500.00,4100.00,2026-01-19
3032,DANISCO CHILE S A,—,EXPO,Otros,15,15,20493.84,1366.26,2026-01-19
2868,EPYSA EQUIPOS LTDA,77676280-6,IMPO,Alimentación animal,15,15,38800.00,2586.67,2025-07-31
3056,WINPACK S A,—,EXPO,Plásticos y polímeros,15,15,28500.00,1900.00,2026-01-29
2580,BEIERSDORF S.A.,93513000-K,IMPO,Otros,15,15,35902.87,2393.52,2026-01-21
2572,DIMERCO COMERCIAL S.A.,76193810-K,IMPO,Pasta y panificados,11,15,31029.00,2068.60,2026-01-07
2245,STARBUCKS COFFEE CHILE S.A.,96690980-3,IMPO,Otros,13,15,44392.98,2959.53,2025-11-27
2517,ADIDAS CHILE LTDA,78744360-5,IMPO,Textil y calzado,15,15,34130.79,2275.39,2025-12-15
2942,QUIMICA ISA LIMITADA,76070437-7,IMPO,Químicos industriales,15,15,34044.32,2269.62,2026-01-30
2886,POCHTECA CHILE S.A.,96959480-3,IMPO,Otros,15,15,48720.00,3248.00,2026-01-22
3178,K CHILE S.A.,—,EXPO,Otros,14,14,35016.00,2501.14,2026-01-23
2453,COMERCIAL E INDUSTRIAL LIBESA,92986000-4,IMPO,Yerba y infusiones,14,14,33089.01,2363.50,2026-01-05
2769,MARIANA GUTIERREZ LOPEZ,04779565-6,IMPO,Otros,11,14,26401.99,1885.86,2026-01-21
2394,COMER.DE FRAG.IBERICO ANDINO L,76478171-6,IMPO,Otros,14,14,10800.93,771.49,2026-01-21
2831,DIAGEO CHILE LIMITADA,78427690-2,IMPO,Otros,14,14,21000.00,1500.00,2025-08-12
3084,SINEA S.A.,—,EXPO,Químicos industriales,14,14,26599.99,1900.00,2025-12-27
3217,CÂíPOWER CHILE S.P.A.,—,EXPO,Combustibles y gas,5,14,15365.60,1097.54,2025-09-09
2401,WEG CHILE S.A.,99528050-7,IMPO,Químicos industriales,14,14,36100.02,2578.57,2025-12-31
2995,IND.NAC.DE ENVASES S.A.,—,EXPO,Otros,14,14,14397.02,1028.36,2026-01-15
2643,NETAFIM CHILE LIMITADA,76241360-4,IMPO,Plásticos y polímeros,14,14,42720.25,3051.45,2026-01-07
2568,CODITEC CIA DISTRIBUIDORA TECN,93125000-0,IMPO,Otros,14,14,13738.71,981.34,2025-12-30
2650,SOC DISTRIBUIDORA Y COMERCIAL,79957770-4,IMPO,Plásticos y polímeros,13,14,32350.00,2310.71,2026-01-28
2489,A. MAYER REFRIG INDUSTRIAL S.A,96889760-8,IMPO,Otros,14,14,52180.00,3727.14,2026-01-19
3079,PHILIPS LIGHTING CHILENA S.A.,—,EXPO,Electrónica,14,14,15133.41,1080.96,2026-01-29
2622,FRIGORIFICO DE OSORNO S.A.,96518090-7,IMPO,Otros,14,14,36156.01,2582.57,2025-07-30
2390,VERSACHEM CHILE S.A.,93313000-2,IMPO,Otros,13,13,8710.03,670.00,2026-01-20
2629,SOC QUIMICA INDUSTRIAL Y COMER,79582470-7,IMPO,Yerba y infusiones,12,13,47650.01,3665.39,2026-01-30
2739,FABRICA DE BANDEJAS LIMITADA,76979850-1,IMPO,Envases y embalajes,13,13,33300.00,2561.54,2025-12-12
3110,FRUTAROM CHILE S.A,—,EXPO,Otros,13,13,27380.00,2106.15,2026-01-27
3348,ECONOMET SPA.,—,EXPO,Otros,4,13,7560.00,581.54,2026-01-12
2509,ESSITY CHILE S.A.,94282000-3,IMPO,Otros,13,13,30570.00,2351.54,2025-10-07
2415,B.O.PACKAGING S.A.,95293000-1,IMPO,Otros,13,13,17246.62,1326.66,2026-01-21
3021,EXPORT.Y SERVIC.EL PARQUE LTDA,—,EXPO,Frutas y verduras,13,13,28156.00,2165.85,2025-05-23
2593,COMERCIAL ATOQUIMICA LTDA,78841810-8,IMPO,Otros,13,13,14674.41,1128.80,2026-01-27
2719,INSUMOS FRUTICOLAS S.A.,77725030-2,IMPO,Plásticos y polímeros,13,13,26500.00,2038.46,2026-01-27
2825,COMERCIALIZADORA TRICON DRY CH,77539056-5,IMPO,Plásticos y polímeros,9,13,15600.00,1200.00,2025-11-28
2497,COOP. AGRICOLA PISQUERA ELQUI,82262600-9,IMPO,Otros,13,13,17905.21,1377.32,2026-01-08
2429,EDITORIAL PLANETA CHILENA S.A.,93250000-0,IMPO,Otros,13,13,19729.99,1517.69,2025-10-29
2498,SOCOFAR S.A.,91575000-1,IMPO,Otros,13,13,27179.99,2090.77,2026-01-13
2283,IDEAL S.A.,82623500-4,IMPO,Otros,13,13,28900.00,2223.08,2025-11-17
2804,BALL CHILE S.A.,78425850-5,IMPO,Otros,13,13,61006.68,4692.82,2025-09-23
2631,TOTAL CHILE S.A.,95861000-9,IMPO,Aceites y grasas,13,13,41684.19,3206.48,2026-01-06
2565,IMPLEMENTOS S.A.,78924030-2,IMPO,Otros,13,13,14188.03,1091.39,2026-01-30
2973,SALINAS Y FABRES SOCIEDAD ANON,91502000-3,IMPO,Vehículos y autopartes,12,12,7975.67,664.64,2025-11-10
3201,QUIMETAL INDUSTRIAL S A,—,EXPO,Químicos industriales,9,12,23225.00,1935.42,2025-12-03
2848,AGROINDUSTRIAL VALLE FRIO S.A.,76197286-3,IMPO,Frutas y verduras,12,12,46400.00,3866.67,2025-05-05
2880,AGRICOLA ARIZTIA LTDA.,82557000-4,IMPO,Otros,12,12,38366.04,3197.17,2026-01-26
2938,PIBAMOUR LTDA.,84650700-0,IMPO,Otros,11,12,21399.99,1783.33,2025-12-23
2606,"LASER DISC CHILE, COM E IND LT",96800700-9,IMPO,Otros,12,12,8239.99,686.67,2026-01-20
2652,DEL CAMPO AL MAR SPA,76195743-0,IMPO,Aceites y grasas,5,12,22270.70,1855.89,2026-01-28
2655,ENAP REFINERIAS S A,87756500-9,IMPO,Metales y siderurgia,12,12,27282.61,2273.55,2025-07-30
2384,EMPRESAS DEMARIA S.A.,90727000-9,IMPO,Otros,12,12,10040.00,836.67,2026-01-09
2801,INDUST. PROD. ALIMENTICIOS S.A,96628870-1,IMPO,Cereales y harinas,12,12,23300.00,1941.67,2026-01-28
2800,SOC. COM. AQUAMUNDO LIMITADA.,76157270-9,IMPO,Materiales construcción,12,12,23999.99,2000.00,2026-01-19
3174,CARTOCOR CHILE S A,—,EXPO,Papel y cartón,10,12,27360.00,2280.00,2026-01-14
2419,NAVARRO Y CIA LTDA,79775800-0,IMPO,Otros,12,12,17316.50,1443.04,2026-01-13
3216,AGROGESTION VITRA LTDA,—,EXPO,Minerales y fertilizantes,10,12,28850.00,2404.17,2025-11-06
3016,TUBOPACK S.A.,—,EXPO,Envases y embalajes,12,12,9283.01,773.58,2026-01-22
2531,IMPORTADORA CUATRO RUEDAS LTDA,87934100-0,IMPO,Otros,12,12,18800.02,1566.67,2026-01-30
2755,PROVEEDORES INTEGRALES PRISA S,96556940-5,IMPO,Papel y cartón,5,11,22724.00,2065.82,2025-09-23
2558,INDRA S.A.,84078800-8,IMPO,Aceites y grasas,11,11,11143.87,1013.08,2026-01-14
3208,EXPORTADORA RIO BLANCO LTDA.,—,EXPO,Frutas y verduras,11,11,27420.00,2492.73,2025-07-31
3267,ALIMENTOS Y FRUTOS S.A.,—,EXPO,Frutas y verduras,11,11,36650.00,3331.82,2026-01-23
3048,EFCO DE CHILE S A,—,EXPO,Otros,11,11,32619.96,2965.45,2025-06-26
3087,FRUTAS DE CURICO LIMITADA,—,EXPO,Frutas y verduras,11,11,26880.00,2443.64,2025-12-09
3278,OLIVOS S.P.A,—,EXPO,Otros,9,11,17199.99,1563.64,2026-01-27
2806,FORSAC S.A.,79943600-0,IMPO,Metales y siderurgia,11,11,33373.31,3033.94,2025-11-11
2702,PROMASA S.A.,96540490-2,IMPO,Madera y corcho,6,11,38951.59,3541.05,2026-01-14
2605,ADRIAZOLA REPUESTOS S.A.,99581430-7,IMPO,Otros,11,11,13566.84,1233.35,2026-01-30
2411,QUIMICA PASSOL S.A.,84634200-1,IMPO,Yerba y infusiones,10,11,25323.20,2302.11,2026-01-12
2464,COMERCIAL QUINTO CENTRO SPA,76096373-9,IMPO,Otros,10,11,32156.45,2923.31,2026-01-27
3017,IND.ENVASES TYPACK S.A.,—,EXPO,Plásticos y polímeros,11,11,41666.87,3787.90,2025-11-28
3098,DTD S.A,—,EXPO,Metales y siderurgia,11,11,19110.00,1737.27,2026-01-16
3095,SOCIEDAD COMERCIAL PURE NATURE,—,EXPO,Salmon y pesca,10,11,44964.00,4087.64,2025-06-30
2355,VULCO S.A.,91619000-K,IMPO,Textil y calzado,11,11,38250.00,3477.27,2026-01-07
2302,BOPP CHILE S.A.,76264035-K,IMPO,Plásticos y polímeros,11,11,25757.81,2341.62,2025-12-12
2327,GE BETZ CHILE LTDA.,78851880-3,IMPO,Otros,11,11,34700.00,3154.55,2026-01-23
2887,LIPLATA LTDA.,89962800-4,IMPO,Otros,9,11,29320.00,2665.45,2026-01-23
3109,FRUTICOLA OLMUE SPA,—,EXPO,Frutas y verduras,11,11,38280.00,3480.00,2025-09-15
3120,PRODINSA S.A.,—,EXPO,Otros,11,11,27083.00,2462.09,2026-01-30
3252,EMPRESAS AQUACHILE S.A.,—,EXPO,Salmon y pesca,11,11,25915.01,2355.91,2026-01-26
2510,PRODALAM S A,93772000-9,IMPO,Otros,11,11,23762.67,2160.24,2026-01-23
2516,PRODESA S.A.,96828760-5,IMPO,Plásticos y polímeros,11,11,27400.00,2490.91,2026-01-13
2681,COMERCIAL CASTRO S.A.,77038620-9,IMPO,Carnes y derivados,11,11,34000.00,3090.91,2025-11-07
2815,INDUSTRIAS CHILENAS DE ALAMBRE,91868000-4,IMPO,Metales y siderurgia,7,10,22315.50,2231.55,2025-03-31
3037,IMP.Y COMERC.SKYSHIP LTDA,—,EXPO,Otros,10,10,11671.99,1167.20,2025-12-17
3103,SALMONES CAMANCHACA S.A.,—,EXPO,Congelados y helados,10,10,37219.31,3721.93,2025-12-05
2875,DOW AGROSCIENCES CHILE S.A.,96564030-4,IMPO,Químicos industriales,10,10,25020.55,2502.06,2025-11-07
3282,ANDES HARVEST FOODS S.A,—,EXPO,Otros,10,10,20250.00,2025.00,2025-11-26
2372,FROMM CHILE S.A.,99583700-5,IMPO,Otros,10,10,21930.00,2193.00,2026-01-22
3334,IMPORTADORA CAFE DO BRASIL S A,—,EXPO,Frutas y verduras,10,10,22490.29,2249.03,2025-12-19
3226,EXPORTADORA ALNUEZ LIMITADA,—,EXPO,Otros,10,10,20904.99,2090.50,2025-12-29
2710,ELECTROLUX CHILE S A,99578940-K,IMPO,Otros,10,10,29000.00,2900.00,2025-10-20
3176,AGRICOLA SAN LUIS DE YAQUIL S.,—,EXPO,Frutas y verduras,10,10,25800.00,2580.00,2025-05-31
2515,KENTUCKY FOODS CHILE LTDA,79682100-0,IMPO,Otros,10,10,24800.00,2480.00,2025-08-13
2760,PRAXAIR CHILE LIMITADA,93059000-2,IMPO,Otros,4,10,16646.76,1664.68,2026-01-23
2274,SOCIEDAD ANONIMA VINA SANTA RI,86547900-K,IMPO,Envases y embalajes,10,10,16094.01,1609.40,2026-01-27
2504,COMERCIAL E INDUSTRIAL PLASTIC,96548020-K,IMPO,Otros,10,10,22300.00,2230.00,2026-01-27
2794,EMPRESAS LIPIGAS S A,96928510-K,IMPO,Combustibles y gas,6,10,26963.38,2696.34,2025-10-30
2480,OEG OUTSOURCING ELECT. GROUP L,76468900-3,IMPO,Otros,10,10,22425.77,2242.58,2025-10-17
2474,TECNOLOGIA Y ALIMENTOS LTDA.,84264300-7,IMPO,Otros,10,10,22699.99,2270.00,2025-11-28
3134,BRITISH AMERICAN TOBACCO CHILE,—,EXPO,Tabaco,10,10,34555.86,3455.59,2025-12-10
2621,COLGATEÂíPALMOLIVE CHILE S.A.,85844100-5,IMPO,Lácteos,9,9,17050.00,1894.44,2026-01-14
2350,CROSSVILLE FABRIC CHILE S.A.,96999970-6,IMPO,Otros,9,9,40621.99,4513.55,2025-12-18
2442,OLIVOS S.P.A,89489700-7,IMPO,Otros,6,9,23760.00,2640.00,2025-07-18
2578,LUVAL S A,79894160-7,IMPO,Químicos industriales,9,9,18692.00,2076.89,2026-01-30
2317,PROSEG LTDA,83553400-6,IMPO,Plásticos y polímeros,9,9,21749.70,2416.63,2026-01-30
2994,PROSEG LTDA,—,EXPO,Otros,9,9,21613.45,2401.49,2026-01-20
3105,BOART LONGYEAR CHILE LTDA.,—,EXPO,Metales y siderurgia,8,9,8010.01,890.00,2025-04-15
3114,PLASTICOS KENDY S.A,—,EXPO,Otros,9,9,20699.97,2300.00,2025-12-22
2850,ALIMENTOS E INVERSIONES VALLES,76186718-0,IMPO,Otros,8,9,13949.99,1550.00,2025-12-05
3300,SCHOLLE IPN SPA,—,EXPO,Envases y embalajes,9,9,9748.00,1083.11,2026-01-21
2563,SPIRAX SARCO CHILE LTDA.,76233013-K,IMPO,Maquinaria y equipos,9,9,8331.98,925.78,2025-12-30
3187,TRIO S.A.,—,EXPO,Aceites y grasas,9,9,27141.96,3015.77,2025-11-04
3088,QUIMICA MIRALLES S.A.,—,EXPO,Otros,9,9,9100.00,1011.11,2025-12-26
2985,TOPCOLOR S.A.,—,EXPO,Otros,7,9,9170.02,1018.89,2026-01-06
2287,COMERCIALIZADORA GREENFARMS SP,76425768-5,IMPO,Frutas y verduras,9,9,29330.52,3258.95,2026-01-27
2799,AUSTRAL OILS AMERICA LTDA,76584359-6,IMPO,Aceites y grasas,9,9,15080.40,1675.60,2026-01-20
3260,PESQUERA TRANS ANTARTIC LTDA.,—,EXPO,Salmon y pesca,9,9,13055.33,1450.59,2026-01-24
2782,SOC.VINICOLA MIGUEL TORRES S.A,85980800-K,IMPO,Otros,9,9,6509.02,723.22,2026-01-15
3218,FOSFOQUIM S A,—,EXPO,Otros,9,9,5835.00,648.33,2025-12-09
3051,PESQUERA FIORDO AUSTRAL S.A.,—,EXPO,Cereales y harinas,9,9,28610.00,3178.89,2026-01-27
2644,DOW QUIMICA CHILENA S A,92879000-2,IMPO,Plásticos y polímeros,6,9,26689.50,2965.50,2025-11-21
2914,RAESA CHILE S.A.,99564530-0,IMPO,Metales y siderurgia,9,9,27000.05,3000.01,2025-11-20
3012,LALLEMAND CHILE Y CIA.LTDA.,—,EXPO,Otros,8,8,7779.31,972.41,2026-01-30
3169,FUNCTIONAL PRODUCTS TRADING AR,—,EXPO,Aceites y grasas,8,8,14850.00,1856.25,2026-01-02
2864,IGNISTERRA S.A.,96603290-1,IMPO,Otros,8,8,20000.00,2500.00,2026-01-15
3093,ESPECIERA DEL SUR LTDA.,—,EXPO,Otros,8,8,17439.99,2180.00,2025-08-29
3136,TAPEL WILLAMETTE INC S A,—,EXPO,Químicos industriales,8,8,17823.40,2227.93,2025-10-22
3188,SITRANS SERVICIOS INTEGRADOS D,—,EXPO,Maquinaria y equipos,8,8,8246.24,1030.78,2026-01-19
3122,ENAEX SERVICIOS S.A.,—,EXPO,Aceites y grasas,8,8,43835.00,5479.38,2025-12-11
2405,ARTECOLA CHILE S.A.,77497650-7,IMPO,Otros,8,8,9600.00,1200.00,2025-10-10
2677,CIA.CHILENA DE FOSFOROS S.A.,90081000-8,IMPO,Combustibles y gas,7,8,12900.00,1612.50,2026-01-22
2724,ENVASES DEL PACIFICO S.A.,89996200-1,IMPO,Plásticos y polímeros,8,8,13826.46,1728.31,2025-11-27
2431,PHARMA INVESTI DE CHILE S.A.,94544000-7,IMPO,Otros,8,8,17928.90,2241.11,2026-01-13
2354,COMERCIAL KAUFMANN S A,96572360-9,IMPO,Otros,8,8,21699.68,2712.46,2026-01-02
2501,HOSPITALIA PROD. MEDICOS LTDA,78233420-4,IMPO,Pasta y panificados,8,8,8080.00,1010.00,2025-11-07
2499,ALIMENTARI SPA,76244261-2,IMPO,Otros,8,8,22624.26,2828.03,2025-12-18
2930,ABASTIBLE S.A.,91806000-6,IMPO,Pasta y panificados,4,8,19711.46,2463.93,2025-11-26
3124,CRISTALERIAS DE CHILE S A,—,EXPO,Vidrio y cerámica,8,8,16299.99,2037.50,2025-11-24
2708,LABORATORIOS RECALCINE S.A.,91637000-8,IMPO,Otros,8,8,9644.26,1205.53,2025-07-23
2663,SINEA S.A.,96633550-5,IMPO,Otros,8,8,14850.00,1856.25,2025-11-18
2305,COCA COLA EMBONOR S.A.,93281000-K,IMPO,Otros,7,7,18300.00,2614.29,2026-01-19
2247,TECHINT CHILE S.A.,91426000-0,IMPO,Otros,7,7,20900.00,2985.71,2026-01-12
3286,AGROINDUSTRIA PINOCHET FUENZAL,—,EXPO,Otros,7,7,25300.00,3614.29,2025-10-20
2686,AGRICOLA INDUSTRIAL LO VALLEDO,92196000-K,IMPO,Carnes y derivados,7,7,21700.00,3100.00,2025-08-08
3147,INVERMAR S.A.,—,EXPO,Salmon y pesca,7,7,30100.00,4300.00,2025-05-09
2560,ANASAC AMBIENTAL S.A.,76363060-9,IMPO,Otros,7,7,7323.02,1046.15,2026-01-09
3116,GRUPO PILAR CHILE SPA,—,EXPO,Otros,7,7,15552.31,2221.76,2025-12-31
2566,INSTAPLAN S A,77182790-K,IMPO,Otros,7,7,20496.00,2928.00,2025-12-23
2669,DESERT KING CHILE S.A.,96768300-0,IMPO,Envases y embalajes,7,7,36650.00,5235.71,2025-11-06
3179,CAMANCHACA CULTIVOS SUR S.A.,—,EXPO,Congelados y helados,7,7,26887.34,3841.05,2026-01-02
2712,LABORATORIOS ANDROMACO S.A.,76237266-5,IMPO,Otros,7,7,10991.94,1570.28,2025-12-17
2947,SOC FABRICANTE IMPORTADORA Y E,84368600-1,IMPO,Químicos industriales,7,7,11589.99,1655.71,2026-01-27
2562,CRODA CHILE LIMITADA,76025991-8,IMPO,Otros,7,7,6444.00,920.57,2026-01-30
2430,FLOWSERVE CHILE SPA,96959580-K,IMPO,Otros,7,7,17106.06,2443.72,2026-01-22
2790,QUIMICA ITALQUIM SA,96505240-2,IMPO,Cereales y harinas,7,7,16550.00,2364.29,2025-10-29
2386,COMPANIA DE PETROLEOS DE CHILE,99520000-7,IMPO,Aceites y grasas,7,7,13195.00,1885.00,2026-01-09
2948,CMPC MADERAS SPA,95304000-K,IMPO,Metales y siderurgia,7,7,27000.00,3857.14,2025-11-17
3027,INDURA SA,—,EXPO,Otros,7,7,10549.97,1507.14,2026-01-19
2932,METHANEX CHILE SPA,76030472-7,IMPO,Otros,4,7,15186.80,2169.54,2026-01-26
2774,SAINT GOBAIN ENVASES S.A.,76092970-0,IMPO,Otros,4,7,12400.00,1771.43,2026-01-16
2582,GABTEC S.A.,96678120-3,IMPO,Otros,7,7,14938.85,2134.12,2025-11-18
3205,BRENNTAG CHILE COMERCIAL E IND,—,EXPO,Yerba y infusiones,7,7,23297.50,3328.21,2025-09-24
2412,PREMIUM BRANDS CHILE SPA,76047726-5,IMPO,Bebidas,7,7,10781.20,1540.17,2025-12-09
3193,ST.ANDREWS SMOKY DELICACIES S.,—,EXPO,Otros,7,7,26800.04,3828.58,2026-01-14
2999,COMERCIALIZADORA TRADECOS CHIL,—,EXPO,Otros,5,7,18361.00,2623.00,2025-11-19
3144,TEAM FOODS CHILE SPA,—,EXPO,Aceites y grasas,6,7,19925.00,2846.43,2025-12-17
3360,CHILENA DE MOLDEADOS SPA,—,EXPO,Envases y embalajes,7,7,16450.00,2350.00,2025-12-30
2736,PLASTICOS EROFLEX S.A.,96634140-8,IMPO,Plásticos y polímeros,6,6,11694.41,1949.07,2025-12-17
2920,MACRO FOOD S.A.,96733580-0,IMPO,Frutas y verduras,6,6,14475.00,2412.50,2026-01-22
2951,SOCIEDAD DE NUTRICION Y SANIDA,76113500-7,IMPO,Químicos industriales,6,6,13750.00,2291.67,2026-01-13
3184,FAST FOOD CHILE S.A.,—,EXPO,Otros,6,6,18950.00,3158.33,2025-12-15
2901,BIOMAR CHILE S.A.,96512650-3,IMPO,Lácteos,4,6,20044.16,3340.69,2025-08-25
2900,COMERCIALIZADORA NUTRECO CHILE,96701530-K,IMPO,Otros,4,6,19800.00,3300.00,2025-07-10
3231,GAMA CHILE S.A,—,EXPO,Farmacia y salud,6,6,12150.98,2025.16,2026-01-20
2753,CASAS DEL VALLE BARROS HNOS.LT,87597100-K,IMPO,Minerales y fertilizantes,4,6,14550.00,2425.00,2025-06-04
2754,AUSTRAL CHEMICALS CHILE S.A.,90997000-8,IMPO,Minerales y fertilizantes,6,6,12900.00,2150.00,2025-10-22
3333,ACMANET S.A.,—,EXPO,Otros,6,6,6924.44,1154.07,2026-01-30
3244,EXPORTADORA GEOFRUT LTDA.,—,EXPO,Frutas y verduras,6,6,12450.00,2075.00,2026-01-22
2839,BRITISH AMERICAN TOBACCO CHILE,90286000-2,IMPO,Tabaco,6,6,25800.00,4300.00,2025-08-27
2579,INGENIERIA Y CONST. TRENT LTDA,77124800-4,IMPO,Otros,6,6,3941.98,657.00,2025-12-23
3172,COMERCIO INT.TAGLER S.A.,—,EXPO,Yerba y infusiones,6,6,11765.00,1960.83,2026-01-30
2363,SUMINISTROS TELEFONICOS Y COMP,79913160-9,IMPO,Plásticos y polímeros,6,6,15300.01,2550.00,2025-12-23
2963,SOCIEDAD COMERCIAL BEFOODS LTD,77648180-7,IMPO,Alimentos mascotas,6,6,12000.00,2000.00,2026-01-21
2557,CONGELADOS PACIFICO S.A.,76299375-9,IMPO,Otros,6,6,23400.00,3900.00,2026-01-14
3163,JUAN BAS ALIMENTOS S A,—,EXPO,Envases y embalajes,6,6,5300.00,883.33,2025-09-22
3009,ENVASES DEL PACIFICO S.A.,—,EXPO,Envases y embalajes,6,6,8015.00,1335.83,2026-01-26
3265,ALIMENTOS SPA,—,EXPO,Salmon y pesca,6,6,27000.00,4500.00,2025-07-28
3071,ING. DE COMBUSTION BOSCA CHILE,—,EXPO,Otros,6,6,17760.03,2960.00,2025-11-28
3072,DAVIS GRAPHICS SA,—,EXPO,Químicos industriales,6,6,4302.96,717.16,2025-10-22
2256,SOLCROM S.A.,80397900-6,IMPO,Pasta y panificados,5,6,11100.00,1850.00,2026-01-26
2491,VINILIT S.A.,87006000-9,IMPO,Otros,5,6,16400.00,2733.33,2025-10-20
3154,MAYRÂíMELNHOF PACKAGING MARINET,—,EXPO,Papel y cartón,6,6,15775.00,2629.17,2025-10-22
2795,VILLALBA S A,81105000-8,IMPO,Otros,6,6,15500.00,2583.33,2026-01-09
2935,PROCES. DESHID COLCHAGUA S.A.,76059579-9,IMPO,Otros,3,6,7500.00,1250.00,2025-10-06
3153,SQM SALAR S.A.,—,EXPO,Otros,6,6,7748.99,1291.50,2025-11-24
2485,IMPOR.Y COM.INVERTECH LTDA.,76740830-7,IMPO,Otros,6,6,8625.04,1437.51,2025-12-19
2958,HARTING S.A.,92846000-2,IMPO,Aceites y grasas,2,6,15120.00,2520.00,2025-11-28
3150,EMPRESAS CLORAMON S.A,—,EXPO,Químicos industriales,6,6,20100.00,3350.00,2025-12-30
2642,IRRITEC CHILE S.A.,76724441-K,IMPO,Plásticos y polímeros,6,6,18085.10,3014.18,2026-01-22
2874,RHI CHILE S A,99561450-2,IMPO,Otros,6,6,16200.00,2700.00,2025-12-18
3139,MARISIO S.A.,—,EXPO,Otros,6,6,8025.05,1337.51,2025-07-18
3094,INTERANDINA DE COMERCIO LIMITA,—,EXPO,Otros,6,6,12488.00,2081.33,2025-12-15
2823,MALTEXCO S.A.,91942000-6,IMPO,Cereales y harinas,5,6,14750.00,2458.33,2025-04-11
3004,DANFOSS INDUSTRIAS LTDA,—,EXPO,Otros,6,6,9069.98,1511.66,2025-08-22
3101,AMC CHILE S.A.,—,EXPO,Aceites y grasas,6,6,4270.93,711.82,2026-01-30
3132,RECKITT BENCKISER CHILE S.A.,—,EXPO,Yerba y infusiones,6,6,22340.00,3723.33,2025-11-07
3130,COMERCIALIZ.CAMÂíCHAIN CHILE LT,—,EXPO,Otros,6,6,6780.00,1130.00,2025-08-09
2300,CONTENEDORES SAN FERNANDO SPA,96551150-4,IMPO,Otros,6,6,14700.00,2450.00,2025-11-18
3127,SALMONOIL S A,—,EXPO,Congelados y helados,5,6,19950.00,3325.00,2025-04-22
2721,PENA SPOERER Y CIA S.A.,96877150-7,IMPO,Otros,6,6,11410.55,1901.76,2025-12-17
2328,INGENIERIA DESIMAT LIMITADA,78131420-K,IMPO,Otros,5,5,5880.00,1176.00,2026-01-19
2421,LABORATORIO PETRIZZIO S.A.,91042000-3,IMPO,Otros,5,5,4820.00,964.00,2025-11-28
3000,AGR.LAS TRES ERRE LTDA.(I),—,EXPO,Otros,5,5,4800.00,960.00,2025-12-10
3279,SANTIAGO COMERCIO EXT.EXPORT.S,—,EXPO,Frutas y verduras,5,5,10850.00,2170.00,2025-09-08
2656,SANDVIK MINING AND CONSTRUCTIO,96728780-6,IMPO,Metales y siderurgia,5,5,9436.47,1887.29,2026-01-27
3274,BRIDGESTONE MINING SOLUTIONS L,—,EXPO,Vehículos y autopartes,5,5,13270.00,2654.00,2026-01-14
2667,ASP CHILE S.A.,96695750-6,IMPO,Minerales y fertilizantes,2,5,15400.00,3080.00,2025-06-12
3262,TATE & LYLE CHILE COMERCIAL LI,—,EXPO,Cereales y harinas,5,5,16245.00,3249.00,2025-12-18
3258,GARIBALDI INTERNACIONAL LTDA,—,EXPO,Otros,5,5,13200.00,2640.00,2025-12-31
3229,EMPRESA EL MERCURIO SAP,—,EXPO,Otros,4,5,13800.00,2760.00,2025-10-24
2538,BAKELS CHILE S.A.,96647600-1,IMPO,Otros,5,5,10195.00,2039.00,2025-12-09
2617,PRODUCTOS QUIM.TANAX S.A.C.E I,92893000-9,IMPO,Maquinaria y equipos,5,5,11750.00,2350.00,2025-11-13
3189,PETROQUIMICA DOW SA,—,EXPO,Plásticos y polímeros,5,5,15450.00,3090.00,2026-01-06
2741,SOC INMOBILIARIA Y DE INVERSIO,78444180-6,IMPO,Papel y cartón,5,5,7029.99,1406.00,2025-12-22
3183,SIKA S A CHILE,—,EXPO,Químicos industriales,5,5,8490.00,1698.00,2025-09-04
3182,STARBUCKS COFFEE CHILE S.A.,—,EXPO,Plásticos y polímeros,5,5,18031.05,3606.21,2025-11-13
2750,INVERSIONES VFR I SPA,76800177-4,IMPO,Carnes y derivados,5,5,17500.00,3500.00,2025-12-15
2511,MANUF.METAL.RHEEM CHILENA LTDA,91881000-5,IMPO,Otros,5,5,12419.99,2484.00,2026-01-20
2761,LAFITTE CHILE Y CIA. LTDA.,77633070-1,IMPO,Otros,5,5,11956.43,2391.29,2025-10-24
3309,ERAL CHILE S.A.,—,EXPO,Otros,4,5,10995.00,2199.00,2026-01-26
3162,TOTAL FRUIT COMERCIAL SPA,—,EXPO,Frutas y verduras,5,5,9750.00,1950.00,2025-03-06
3160,MARIENBERG GESTORA DE NEGOCIOS,—,EXPO,Otros,5,5,11169.00,2233.80,2026-01-08
3152,TECHINT CHILE S.A.,—,EXPO,Metales y siderurgia,5,5,22300.00,4460.00,2026-01-29
2624,AGROCOMERCIAL SAFRATEC CHILE L,76033350-6,IMPO,Químicos industriales,3,5,3180.00,636.00,2025-10-16
2478,SOC.AUSTRAL DE ELECTRICIDAD SA,76073162-5,IMPO,Otros,5,5,20888.14,4177.63,2026-01-12
2297,SUMMIT AGRO CHILE SPA,76336855-6,IMPO,Envases y embalajes,5,5,13250.00,2650.00,2025-08-26
2583,TRANSFORMADORES TUSAN S A,86386700-2,IMPO,Metales y siderurgia,5,5,9223.99,1844.80,2025-10-03
2854,CRANDON S.A.,76046952-1,IMPO,Otros,5,5,15500.00,3100.00,2025-10-21
2312,DISTRIBUIDORA FARGA Y CASADO S,77029518-1,IMPO,Aceites y grasas,5,5,11700.00,2340.00,2025-12-04
2857,LA VINOTECA LTDA,78766490-3,IMPO,Bebidas,5,5,5449.98,1090.00,2025-12-23
2860,COMERCIAL AGROLUJUMA LIMITADA,77856140-9,IMPO,Carnes y derivados,5,5,16235.50,3247.10,2025-11-07
2455,CLARIANT (CHILE) LIMITADA,80853400-2,IMPO,Químicos industriales,5,5,21498.00,4299.60,2025-08-06
2450,TUBOPACK S.A.,96585650-1,IMPO,Otros,5,5,7401.00,1480.20,2025-12-04
2347,RAUL TAGLE E HIJOS LTDA.,81448200-6,IMPO,Otros,5,5,6579.27,1315.85,2025-11-12
2904,ANTALIS CHILE SPA,77305910-1,IMPO,Papel y cartón,5,5,11000.00,2200.00,2025-07-02
2911,TATTERSALL AGROINSUMOS S.A.,96775400-5,IMPO,Otros,5,5,12300.00,2460.00,2025-11-28
2912,COMERCIAL INTERADI LTDA.,77687700-K,IMPO,Otros,2,5,13034.88,2606.98,2025-04-16
2916,ENVASES IMPRESOS SPA,89201400-0,IMPO,Cereales y harinas,3,5,13650.00,2730.00,2025-01-14
2921,COMERCIAL SNAÂíE (CHILE) LTDA.,77529470-1,IMPO,Otros,5,5,3555.24,711.05,2025-12-04
2369,IND. DE ALIMENTOS TRENDY S.A.,78109470-6,IMPO,Frutas y verduras,5,5,17650.00,3530.00,2026-01-12
2426,LABORATORIO DURANDIN SA,91913000-8,IMPO,Otros,5,5,3271.72,654.34,2026-01-30
2379,LABORATORIOS EUROMED CHILE S.A,79802770-0,IMPO,Maquinaria y equipos,5,5,14050.02,2810.00,2025-11-10
2382,FERROCARRIL DE ANTOFAGASTA A B,81148200-5,IMPO,Otros,5,5,7419.30,1483.86,2025-12-12
3033,DESERT KING CHILE S.A.,—,EXPO,Otros,5,5,12900.00,2580.00,2025-12-01
3029,COMERCIAL GREENVIC S.A.,—,EXPO,Frutas y verduras,5,5,13910.80,2782.16,2026-01-14
2483,FIBRO SONOCO S.A.,96810510-8,IMPO,Envases y embalajes,4,4,6631.00,1657.75,2026-01-26
2490,MANNHEIM S.A.,93725000-2,IMPO,Otros,4,4,7729.99,1932.50,2025-11-05
2494,ACEROS AZA S.A.,92176000-0,IMPO,Yerba y infusiones,4,4,3930.00,982.50,2025-04-25
2785,PROVEEDORA INDUSTRIAL MINERA A,93305000-9,IMPO,Otros,4,4,6800.00,1700.00,2025-09-12
2590,COMERCIAL Y SERVICIOS VERNE SP,76034722-1,IMPO,Otros,4,4,10200.00,2550.00,2025-09-26
2634,COMERCIALIZADORA LLACOLEN S.A.,76079128-8,IMPO,Aceites y grasas,4,4,16734.79,4183.70,2026-01-23
3170,SOC. AGENCIA DE COMPRAS INTERN,—,EXPO,Otros,4,4,2000.00,500.00,2025-12-01
2991,LAFFORT CHILE SPA,—,EXPO,Otros,4,4,5023.91,1255.98,2025-04-04
3177,TRADEPRO CHILE SPA,—,EXPO,Plásticos y polímeros,4,4,4840.00,1210.00,2025-11-24
2521,J RIVEROS S A I C,93113000-5,IMPO,Otros,4,4,4160.00,1040.00,2026-01-19
2968,ORIZON S A,96929960-7,IMPO,Lácteos,4,4,12200.00,3050.00,2025-08-28
2524,OTERO Y DOMINGUEZ LTDA,88855300-2,IMPO,Otros,4,4,2829.99,707.50,2025-12-02
3283,DE VICENTE PLASTICOS S A,—,EXPO,Otros,4,4,7557.33,1889.33,2025-12-04
3190,LABORATORIO PETRIZZIO S.A.,—,EXPO,Farmacia y salud,4,4,8980.01,2245.00,2025-12-24
3191,CODELPA CHILE S.A.,—,EXPO,Pasta y panificados,4,4,10961.01,2740.25,2025-10-21
2732,ESPECIERA DEL SUR LTDA.,96765200-8,IMPO,Otros,4,4,9650.00,2412.50,2026-01-30
3192,EXPORTADORA REINA SUR SPA,—,EXPO,Frutas y verduras,4,4,7330.00,1832.50,2025-04-30
2528,GREIF EMBALAJES INDUSTRIALES S,76650550-3,IMPO,Combustibles y gas,4,4,6260.00,1565.00,2026-01-23
2910,UNION QUIMICA SOCIEDAD POR ACC,76032169-9,IMPO,Otros,4,4,11951.96,2987.99,2026-01-26
2381,DE VICENTE PLASTICOS S A,89689900-7,IMPO,Yerba y infusiones,4,4,8824.40,2206.10,2026-01-09
2966,MAYEKAWA CHILE S.A.C.E.I.,96538860-5,IMPO,Otros,4,4,15150.00,3787.50,2026-01-21
2722,INDUSTRIA DE PLASTICOS SERPLAS,85172100-2,IMPO,Plásticos y polímeros,4,4,8199.97,2049.99,2025-12-09
2594,VINA VALDIVIESO S.A,91125000-4,IMPO,Envases y embalajes,4,4,6380.00,1595.00,2025-12-22
2915,TECNOVIAL S.A.,77086090-3,IMPO,Metales y siderurgia,3,4,7030.34,1757.59,2025-11-05
3006,PATACON EXPORT WINE S.P.A.,—,EXPO,Bebidas,4,4,4875.00,1218.75,2025-11-10
2917,EMPRESA EL MERCURIO SAP,90193000-7,IMPO,Papel y cartón,2,4,9189.87,2297.47,2025-06-17
3207,DIANA NATURALS CHILE SPA,—,EXPO,Otros,4,4,3400.00,850.00,2026-01-30
2713,INSTITUTO SANITAS S.A.,90073000-4,IMPO,Plásticos y polímeros,4,4,3183.02,795.75,2025-08-25
3213,PURATOS DE CHILE SPA,—,EXPO,Otros,4,4,9359.00,2339.75,2025-11-03
3008,SYNTHESIA CHILE SPA,—,EXPO,Otros,4,4,8800.00,2200.00,2025-06-24
3329,ROCOFRUT S.A.,—,EXPO,Frutas y verduras,4,4,5600.00,1400.00,2025-12-23
2612,COMPANIA NACIONAL DE CUEROS S,79528870-8,IMPO,Otros,4,4,10433.68,2608.42,2025-12-01
2270,APIA S.A.,99537890-6,IMPO,Otros,3,4,9400.00,2350.00,2026-01-28
2691,CARGILL COSTANERA SPA,76948423-K,IMPO,Cereales y harinas,4,4,13000.00,3250.00,2026-01-22
3250,CONGELADOS PACIFICO S.A.,—,EXPO,Otros,4,4,16340.17,4085.04,2026-01-21
3254,INDUSTRIA CORCHERA S.A.,—,EXPO,Madera y corcho,4,4,2328.51,582.13,2025-12-26
2552,GAMA CHILE S.A,78806090-4,IMPO,Farmacia y salud,3,4,14599.99,3650.00,2025-10-13
2672,SOC.COM.EXCED.IND.POLIPLAS LTD,77320250-8,IMPO,Papel y cartón,4,4,11016.59,2754.15,2025-05-22
3266,CEMCO KOSANGAS S.A.,—,EXPO,Maquinaria y equipos,4,4,11000.00,2750.00,2026-01-07
3345,PROQUIEL QUIMICOS LIMITADA,—,EXPO,Otros,4,4,12950.00,3237.50,2025-11-30
2662,HONDA MOTOR DE CHILE S A,96870620-9,IMPO,Otros,4,4,18670.00,4667.50,2026-01-07
2970,IMPORTADORA AGROFOR LIMITADA,79947280-5,IMPO,Aceites y grasas,4,4,5980.01,1495.00,2025-11-20
3022,CLARIANT PLASTICS & COATINGS (,—,EXPO,Yerba y infusiones,4,4,7575.01,1893.75,2026-01-09
3272,FERTILIZANTES COMPO AGRO CHILE,—,EXPO,Minerales y fertilizantes,2,4,9700.00,2425.00,2026-01-27
2936,OLIVOS DEL SUR S.A.,99573760-4,IMPO,Aceites y grasas,4,4,16800.00,4200.00,2025-12-10
3351,INGER S A,—,EXPO,Yerba y infusiones,4,4,28788.00,7197.00,2026-01-29
2645,SOC.AGRIC.Y FORESTAL CASINO LT,85915500-6,IMPO,Otros,3,4,9546.00,2386.50,2026-01-07
2997,SIBELCO CHILE LTDA.,—,EXPO,Otros,4,4,6900.01,1725.00,2025-08-14
2409,NUTRIAL S.A.,99509020-1,IMPO,Químicos industriales,4,4,6773.00,1693.25,2025-08-14
2329,THE GARAGE COMPANY SPA,76996765-6,IMPO,Otros,4,4,5780.00,1445.00,2025-12-12
2873,AUTOMOTORA BEPOBUS CHILE SPA,76865908-7,IMPO,Otros,4,4,12400.00,3100.00,2025-12-31
3100,SOLENIS ESPECIALIDADES QUIMICA,—,EXPO,Químicos industriales,4,4,10400.00,2600.00,2025-09-03
3289,ACMA S.A,—,EXPO,Otros,4,4,9200.00,2300.00,2026-01-30
2862,SOCIEDAD PESQUERA LANDES SOCIE,92387000-8,IMPO,Cereales y harinas,4,4,13600.00,3400.00,2025-02-26
2630,SCIENZA CHILE SPA,77634874-0,IMPO,Farmacia y salud,4,4,12160.00,3040.00,2026-01-28
2884,MIMET S.A.,93538000-6,IMPO,Otros,4,4,5700.01,1425.00,2026-01-12
2311,CHAMPION S.A.,92117000-9,IMPO,Carnes y derivados,4,4,11548.68,2887.17,2025-11-12
2465,LAB. DRAG PHARMA CHILE INVETEC,80494200-9,IMPO,Otros,4,4,6665.00,1666.25,2025-12-11
3125,VINILIT S.A.,—,EXPO,Metales y siderurgia,4,4,9346.79,2336.70,2025-10-24
2299,EXPORTADORA MULTIMARES LTDA,76039204-9,IMPO,Aceites y grasas,4,4,11800.00,2950.00,2026-01-29
3083,COBRE CERRILLOS S.A.,—,EXPO,Metales y siderurgia,4,4,6664.60,1666.15,2026-01-07
2425,HALLIBURTON SERVICIOS CHILE LT,86304000-0,IMPO,Químicos industriales,4,4,8628.00,2157.00,2025-11-06
3138,YAMAIMPORT S.A,—,EXPO,Otros,4,4,3299.93,824.98,2025-09-25
3175,FRUTOS LA AGUADA S.A.,—,EXPO,Frutas y verduras,3,3,8100.00,2700.00,2025-02-28
2616,EMPRESAS CLORAMON S.A,83019500-9,IMPO,Químicos industriales,3,3,8430.00,2810.00,2025-11-05
2584,TECNORED S.A.,77302440-5,IMPO,Otros,3,3,2860.00,953.33,2025-12-15
3359,VIRUTEX ILKO S A,—,EXPO,Otros,3,3,4600.01,1533.34,2025-12-26
2573,INVERSIONES COLLINS Y COLLINS,79921700-7,IMPO,Otros,3,3,2446.99,815.66,2026-01-19
2567,PERSIANAS ANDINA  LTDA,78080500-5,IMPO,Otros,3,3,4699.00,1566.33,2025-03-31
2659,INDATAL SPA,79956220-0,IMPO,Cereales y harinas,3,3,6087.00,2029.00,2025-05-29
2664,VINA FRANCISCO DE AGUIRRE S.A.,96668670-7,IMPO,Otros,3,3,2028.58,676.19,2025-07-29
2665,GUALA CLOSURES CHILE SPA,76493466-0,IMPO,Otros,3,3,5814.00,1938.00,2025-03-31
2545,TECBOLT SA,96565870-K,IMPO,Otros,3,3,5550.00,1850.00,2025-10-14
2693,COMERC.DE ALIMENT. CISNES LTDA,79690060-1,IMPO,Carnes y derivados,3,3,9975.00,3325.00,2025-08-04
2539,COSME CHILE S.A.,76236592-8,IMPO,Otros,3,3,5820.40,1940.13,2026-01-20
2536,VINA CONCHA Y TORO S.A.,90227000-0,IMPO,Otros,3,3,2792.00,930.67,2025-10-24
2704,MASONITE CHILE S.A.,96773280-K,IMPO,Madera y corcho,2,3,11320.01,3773.34,2026-01-30
2533,THE NOT COMPANY SPA,76226576-1,IMPO,Otros,3,3,2400.01,800.00,2025-12-05
2529,GOLDEN OMEGA S.A.,76044336-0,IMPO,Otros,3,3,2010.00,670.00,2026-01-19
2720,ALIMENTOS TODOS LOS SANTOS SPA,76492052-K,IMPO,Yerba y infusiones,3,3,5900.00,1966.67,2025-04-22
2740,NEUM.Y LLANTAS DEL PACIFICO S.,77435230-9,IMPO,Otros,3,3,3415.33,1138.44,2025-11-14
2764,PRINAL LIMITADA,83877600-0,IMPO,Otros,3,3,9910.00,3303.33,2025-11-26
2770,AEB ANDINA S.A.,76034236-K,IMPO,Yerba y infusiones,3,3,2500.01,833.34,2025-10-06
2505,MAQ.Y H.BLACK  DECKER DE CHILE,93912000-9,IMPO,Otros,3,3,3299.99,1100.00,2025-04-25
2495,FARMACEUTICA MEDCELL LTDA,96706320-7,IMPO,Azúcar y dulces,3,3,5415.00,1805.00,2025-06-30
2488,MAN.ELECT.B.Y P. LTDA.,85969100-5,IMPO,Otros,3,3,3949.99,1316.66,2025-12-16
2482,VENTAS TECNICAS LIMITADA,95707000-0,IMPO,Químicos industriales,3,3,12900.01,4300.00,2026-01-29
2816,CINTAC S.A.I.C.,76721910-5,IMPO,Plásticos y polímeros,2,3,8000.00,2666.67,2025-12-03
2819,WASSER LTDA,76289980-9,IMPO,Vidrio y cerámica,3,3,6700.00,2233.33,2025-11-28
2469,LESAFFRE INDUSTRIAL CHILE SA,78382760-3,IMPO,Otros,3,3,6310.63,2103.54,2026-01-23
2836,AGRIC.SAN JOSE DE PERALILLO S.,96655110-0,IMPO,Otros,3,3,1700.00,566.67,2025-10-15
2843,SILVESTRES S.A.,76860310-3,IMPO,Frutas y verduras,2,3,3500.00,1166.67,2025-02-11
2463,MOLY COP CHILE S A,92244000-K,IMPO,Otros,3,3,7944.00,2648.00,2025-12-24
2855,HEXAPACK SOCIEDAD ANÃÂÂÂNIMA,76079025-7,IMPO,Otros,3,3,4199.99,1400.00,2026-01-28
2871,QUIMICA INDUSTRIAL SPES S A,93654000-7,IMPO,Aceites y grasas,1,3,4930.00,1643.33,2025-04-22
2892,QUIMETAL INDUSTRIAL S A,87001500-3,IMPO,Otros,3,3,8800.00,2933.33,2025-11-12
2452,BRIDGESTONE CHILE S.A.,93602000-3,IMPO,Vehículos y autopartes,3,3,8670.00,2890.00,2025-05-28
2919,COM.Y SERV.CHILEMPRENDE LTDA.,76048542-K,IMPO,Lácteos,3,3,10150.00,3383.33,2025-12-22
2926,COM. DE  PRODUCTOS PANOR LTDA,76883510-1,IMPO,Azúcar y dulces,1,3,7650.00,2550.00,2025-06-09
2949,DOLE CHILE S.A.,94612000-6,IMPO,Frutas y verduras,3,3,9600.00,3200.00,2025-12-05
2957,COMERCIAL PIWEN SPA,76780620-5,IMPO,Cereales y harinas,2,3,4400.00,1466.67,2025-12-19
2413,OXIFER SPA,76367177-1,IMPO,Otros,3,3,3840.01,1280.00,2025-12-23
2986,ELECTROLUX CHILE S A,—,EXPO,Otros,3,3,7469.98,2489.99,2025-01-06
2989,VIU MANENT Y CIA LTDA.,—,EXPO,Bebidas,3,3,3100.00,1033.33,2026-01-27
2407,BIJOU CHILE SPA,76145457-9,IMPO,Envases y embalajes,3,3,2510.02,836.67,2025-11-14
3005,DISTRIBUIDORA PORTLAND S A,—,EXPO,Otros,3,3,11461.00,3820.33,2025-04-30
3023,EINHELL (CHILE) S.A.,—,EXPO,Otros,3,3,7149.99,2383.33,2025-10-13
3039,TUBOS Y PLASTICOS TIGREÂíADS DE,—,EXPO,Otros,3,3,4978.82,1659.61,2025-05-12
3041,SPECIALIZED BICICLETAS CHILE L,—,EXPO,Otros,3,3,11099.98,3699.99,2026-01-06
3058,MINOVA MINING SERVICES S.A.,—,EXPO,Químicos industriales,3,3,6620.00,2206.67,2025-11-19
2346,VINA SAN PEDRO TARAPACA S.A,91041000-8,IMPO,Otros,3,3,2881.00,960.33,2025-12-24
2343,ARCHROMA CHILE LIMITADA,76283799-4,IMPO,Otros,3,3,4685.00,1561.67,2025-06-27
2336,SOCIEDAD INDUSTRIAL ROMERAL S.,86113000-2,IMPO,Otros,2,3,6170.00,2056.67,2025-11-27
2332,ORICA CHILE S.A.,95467000-7,IMPO,Otros,3,3,9494.71,3164.90,2026-01-09
2304,REFAX CHILE SOCIEDAD ANONIMA,96519500-9,IMPO,Aceites y grasas,3,3,3811.99,1270.66,2025-12-12
2295,LABORATORIO LABOCOCH LTDA.,89421200-4,IMPO,Maquinaria y equipos,3,3,6350.00,2116.67,2025-12-26
3140,NORMET CHILE LTDA.,—,EXPO,Maquinaria y equipos,3,3,11550.01,3850.00,2025-07-07
3145,ATHENA CHILE COMERCIAL LTDA.,—,EXPO,Otros,3,3,11250.00,3750.00,2025-12-05
3149,REY PLAST S.P.A.,—,EXPO,Otros,3,3,6900.00,2300.00,2025-11-25
2290,SYNGENTA S.A.,96920760-5,IMPO,Químicos industriales,3,3,7225.00,2408.33,2025-10-30
3219,PENTAFARMA S.A,—,EXPO,Otros,2,3,8500.00,2833.33,2025-07-23
3161,LESAFFRE INDUSTRIAL CHILE SA,—,EXPO,Farmacia y salud,3,3,2215.00,738.33,2025-06-23
3197,KNAUF CHILE SPA,—,EXPO,Yerba y infusiones,3,3,2700.00,900.00,2026-01-02
3204,CIA. INDUSTRIAL EL VOLCAN S.A.,—,EXPO,Otros,3,3,5650.00,1883.33,2025-11-12
3222,IMPORT.Y EXPORT.RAHUE S.A.,—,EXPO,Otros,3,3,2850.00,950.00,2025-09-01
3246,BOMBAS GRUNDFOS CHILE LIMITADA,—,EXPO,Maquinaria y equipos,3,3,1681.98,560.66,2025-11-13
3253,SIEMENS ENERGY SPA,—,EXPO,Otros,3,3,9530.00,3176.67,2025-08-21
3255,FITFLOW CHILE LTDA.,—,EXPO,Otros,3,3,4990.02,1663.34,2025-07-01
3256,BRUEGGEN AMERICA S.A.,—,EXPO,Azúcar y dulces,2,3,8300.00,2766.67,2025-06-17
3263,SEMILLAS GENERACION 2000 LTDA.,—,EXPO,Cereales y harinas,3,3,9800.00,3266.67,2025-10-27
3276,MERCANTIL E INDUSTRIAL TRANSAN,—,EXPO,Madera y corcho,2,3,1700.00,566.67,2025-11-14
3284,AGROINDUSTRIAL PEDREGAL  S.A.,—,EXPO,Cereales y harinas,2,3,7098.00,2366.00,2025-07-21
3294,GARIBALDI S.A.,—,EXPO,Maquinaria y equipos,3,3,2100.01,700.00,2026-01-27
3304,GE BETZ CHILE LTDA.,—,EXPO,Otros,3,3,4600.00,1533.33,2025-12-12
3320,AGROMILLORA SUR S A,—,EXPO,Otros,3,3,12000.00,4000.00,2025-11-03
3335,INNOVAFOOD AUSTRAL SPA,—,EXPO,Salmon y pesca,3,3,11970.00,3990.00,2026-01-30
3346,EXP. AGUA SANTA S.A.,—,EXPO,Frutas y verduras,3,3,8700.00,2900.00,2026-01-19
2600,CARNES NUBLE S A,96518070-2,IMPO,Carnes y derivados,3,3,9125.58,3041.86,2025-06-23
2461,JULIO SILVA Y CIA. LTDA.,78314220-1,IMPO,Aceites y grasas,2,2,4400.00,2200.00,2025-03-06
2342,LA CASA DEL CERAMISTA LTDA.,79705170-5,IMPO,Otros,2,2,4400.00,2200.00,2025-11-12
2340,CRISTALERIAS DE CHILE S A,90331000-6,IMPO,Otros,2,2,1553.99,777.00,2025-07-04
2787,COMERCIAL FEROMONAS CHILE LTDA,76068869-K,IMPO,Otros,2,2,3480.00,1740.00,2025-12-05
3242,MIMET S.A.,—,EXPO,Otros,2,2,2850.03,1425.01,2026-01-21
3243,SOUTHÂíAM FREEZE DRY S.A.,—,EXPO,Frutas y verduras,2,2,7600.00,3800.00,2025-09-01
2859,SOCIEDAD GENERAL DE COMERCIO S,90959000-0,IMPO,Otros,2,2,1349.99,675.00,2025-11-14
2858,FERTILIZANTES DEL PACIFICO S.A,76062197-8,IMPO,Otros,2,2,1440.00,720.00,2025-11-27
2893,SURNUT S.A.,76823022-6,IMPO,Otros,2,2,4400.00,2200.00,2025-08-06
3247,EDITORIAL CONTRAPUNTO LTDA.,—,EXPO,Otros,2,2,3185.00,1592.50,2025-10-28
3112,IMPAC S A,—,EXPO,Otros,2,2,2320.01,1160.01,2025-07-31
2776,BERTOTTO BOGLIONE DE CHILE S.A,96994150-3,IMPO,Otros,2,2,4800.00,2400.00,2025-11-14
2690,FT FOODS SA,76766444-3,IMPO,Carnes y derivados,2,2,6300.00,3150.00,2025-05-16
2339,GEA FARM TECHNOLOGIES CHILE SP,96802520-1,IMPO,Otros,2,2,1400.00,700.00,2025-10-01
2549,SURAGRA S.A.,76148635-7,IMPO,Otros,2,2,5200.00,2600.00,2026-01-12
3164,PROVEEDORA INDUSTRIAL MINERA A,—,EXPO,Combustibles y gas,2,2,1500.00,750.00,2025-02-24
2683,AGROSUPER S.A.,76129263-3,IMPO,Carnes y derivados,2,2,6645.00,3322.50,2025-03-04
2338,IND. CERESITA S.A.,91666000-6,IMPO,Otros,2,2,4700.00,2350.00,2025-10-29
2281,ADEPAC S.A.,96575450-4,IMPO,Otros,2,2,6100.00,3050.00,2026-01-30
3257,COOP. AGRICOLA PISQUERA ELQUI,—,EXPO,Frutas y verduras,2,2,2900.00,1450.00,2025-06-27
3167,OTERO Y DOMINGUEZ LTDA,—,EXPO,Otros,2,2,4000.00,2000.00,2025-04-09
3259,AGROINDUSTRIAL VALLE FRIO S.A.,—,EXPO,Frutas y verduras,2,2,6900.00,3450.00,2025-07-17
3168,ROCKWOOD LITIO LIMITADA,—,EXPO,Otros,2,2,12950.00,6475.00,2025-10-23
2944,HEREDIA MOLINOS S.A,76090492-9,IMPO,Papel y cartón,2,2,3200.00,1600.00,2025-08-07
2766,SOC. COM. MARBEN PETS LIMITADA,76100687-8,IMPO,Otros,2,2,5103.63,2551.82,2025-09-12
2279,COMERCIAL ARAGON LTDA.,78430830-8,IMPO,Electrónica,2,2,4900.00,2450.00,2025-10-10
2849,ELABORADORA ERIKA A. PARADA LE,76229817-1,IMPO,Otros,2,2,2299.99,1149.99,2025-12-29
2674,CLARIANT PLASTICS & COATINGS (,76513677-6,IMPO,Otros,2,2,4400.00,2200.00,2025-05-15
2763,SEMILLAS GENERACION 2000 LTDA.,78571480-6,IMPO,Cereales y harinas,2,2,7312.80,3656.40,2025-12-17
2561,IMPORTADORA AUTOMARCO LIMITADA,84854200-8,IMPO,Otros,2,2,1080.00,540.00,2025-05-09
2361,MANUCHAR CHILE S.A.,99546290-7,IMPO,Metales y siderurgia,2,2,5000.00,2500.00,2025-05-29
3358,FUNDICION TALLERES LIMITADA,—,EXPO,Otros,1,2,4400.01,2200.01,2026-01-02
3270,DIAGEO CHILE LIMITADA,—,EXPO,Otros,2,2,5550.00,2775.00,2025-08-22
3271,CIA.PISQUERA DE CHILE S.A.,—,EXPO,Otros,2,2,5000.00,2500.00,2026-01-30
2661,TECHNOSTEEL S.A,96889610-5,IMPO,Metales y siderurgia,2,2,3810.93,1905.47,2025-12-01
2888,MERCEDES GARCIA MENDEZ,08803632-8,IMPO,Otros,2,2,4000.00,2000.00,2026-01-15
2353,CERVECERIA KUNSTMANN S A,96981310-6,IMPO,Otros,2,2,3847.00,1923.50,2026-01-23
2352,MANANTIAL S.A.,96711590-8,IMPO,Otros,2,2,6550.00,3275.00,2026-01-20
2604,TECFLUID S.A.,96599680-K,IMPO,Maquinaria y equipos,2,2,1060.00,530.00,2025-12-01
2844,SOC. COMERCIAL REVECENTER LTDA,76257352-0,IMPO,Vidrio y cerámica,1,2,4500.00,2250.00,2025-11-28
2569,CEM S.A.,76388223-3,IMPO,Yerba y infusiones,2,2,1070.30,535.15,2025-07-09
2571,PTM CHILE LIMITADA,77749210-1,IMPO,Otros,2,2,1223.99,612.00,2025-07-31
3280,PARMEX S.A.,—,EXPO,Otros,2,2,5300.00,2650.00,2025-11-25
2841,ALTO DE CASABLANCA S.A,96762990-1,IMPO,Otros,2,2,1620.00,810.00,2025-05-30
3181,FILA CHILE  LTDA.,—,EXPO,Otros,2,2,2410.00,1205.00,2025-11-11
2840,COMERCIAL MULTICOMPANY LIMITAD,96556470-5,IMPO,Vidrio y cerámica,2,2,4468.41,2234.20,2025-12-03
2885,MGS REPUESTOS Y CIA.LTDA.,76200860-2,IMPO,Otros,2,2,1599.99,799.99,2025-10-29
3285,FIBRO SONOCO S.A.,—,EXPO,Envases y embalajes,2,2,10050.00,5025.00,2025-09-26
2635,NORDEX ENERGY CHILE S.A.,76036596-3,IMPO,Otros,2,2,14000.00,7000.00,2025-10-20
3287,COMERCIAL HUANACU SPA,—,EXPO,Otros,2,2,1949.99,975.00,2026-01-09
2743,DERCO CHILE REPUESTOS SPA,94340000-8,IMPO,Maquinaria y equipos,2,2,1100.01,550.00,2025-08-20
2581,IMPORTADORA ALSACIA SPA,89010200-K,IMPO,Metales y siderurgia,2,2,1200.00,600.00,2025-11-13
3185,FRANKLIN ELEC.(CHILE) LIMITADA,—,EXPO,Otros,2,2,2615.00,1307.50,2025-04-10
2883,COM.AGROPECUARIA AGROAS LTDA,79551140-7,IMPO,Cereales y harinas,2,2,7440.00,3720.00,2025-02-21
3292,GROUPE SEB CHILE COMERCIAL LTD,—,EXPO,Otros,2,2,3660.00,1830.00,2025-09-04
3126,TONELERIA FRANCESA D/CHILE LTD,—,EXPO,Otros,2,2,2284.89,1142.44,2025-05-06
2523,ADDVISE SPA,76450328-7,IMPO,Farmacia y salud,2,2,1450.00,725.00,2025-05-23
2626,IMPORTADORA SELMER LTDA,76311749-9,IMPO,Otros,2,2,1850.00,925.00,2026-01-23
2946,IND.TECN.HIDR.E/MIN.Y CONST.SA,84912700-4,IMPO,Otros,2,2,4950.00,2475.00,2025-07-14
3055,PACIFIC GOLD S.A.,—,EXPO,Otros,2,2,3853.05,1926.53,2025-03-27
2733,KAUFMANN S A VEHICULOS MOTORIZ,92475000-6,IMPO,Otros,2,2,4200.00,2100.00,2026-01-23
3341,DUCASSE INDUSTRIAL S.A.,—,EXPO,Otros,2,2,1103.88,551.94,2025-12-23
2730,SOC. AGENCIA DE COMPRAS INTERN,79536650-4,IMPO,Otros,2,2,1200.00,600.00,2025-02-04
3194,SANDVIK CHILE S.A.,—,EXPO,Metales y siderurgia,2,2,1339.99,670.00,2025-11-04
3302,PONSSE CHILE SPA,—,EXPO,Otros,2,2,3666.01,1833.01,2025-10-21
3303,TRANE DE CHILE S A,—,EXPO,Otros,2,2,5069.98,2534.99,2025-11-17
2729,STEWARD S.A,96644100-3,IMPO,Otros,2,2,1658.00,829.00,2025-12-17
2334,MATADERO FRIGORIFICO DEL SUR S,99530100-8,IMPO,Envases y embalajes,2,2,1549.99,775.00,2025-09-15
3306,VIDRIOS LIRQUEN S.A.,—,EXPO,Minerales y fertilizantes,2,2,13300.00,6650.00,2025-09-16
2588,CARLOS BOLOMEY Y CIA.LTDA.,87590300-4,IMPO,Otros,2,2,1111.01,555.50,2025-10-24
2349,KALOP CHILENA S.A.,96555650-8,IMPO,Otros,2,2,4799.99,2399.99,2026-01-20
2828,INDUSTRIAS NEUCHATEL S.A.,77706890-3,IMPO,Lácteos,2,2,6250.00,3125.00,2025-12-22
3200,CERVECERIA CHILE S A,—,EXPO,Otros,2,2,3920.00,1960.00,2026-01-20
2471,STORAGE COMPAT CHILE S.A.,76237692-K,IMPO,Envases y embalajes,2,2,8700.01,4350.01,2026-01-20
2826,ENGATEL S.A.,84273400-2,IMPO,Papel y cartón,2,2,4200.00,2100.00,2025-12-26
2879,KAL TIRE S.A.,96800950-8,IMPO,Otros,2,2,6240.00,3120.00,2025-12-01
2472,ASPEN CHILE S.A.,76328242-2,IMPO,Yerba y infusiones,2,2,6300.00,3150.00,2025-07-22
2726,IMEGA VENTUS SPA,99522260-4,IMPO,Otros,2,2,1716.00,858.00,2025-09-08
2725,SIMMA S A,83568200-5,IMPO,Otros,2,2,5300.00,2650.00,2025-08-26
3317,ZIGMA SOLUCIONES INDUSTRIALES,—,EXPO,Otros,2,2,5700.00,2850.00,2026-01-30
3344,CANPLAST SUD S.A.,—,EXPO,Otros,2,2,3099.98,1549.99,2026-01-07
3319,QUIMAS S.A.,—,EXPO,Maquinaria y equipos,2,2,2500.00,1250.00,2026-01-04
2597,TRICAL SUDAMERICA S.A.,96836870-2,IMPO,Otros,2,2,7200.00,3600.00,2025-11-28
2715,LABORATORIOS SAVAL S.A.,91650000-9,IMPO,Otros,2,2,2555.98,1277.99,2025-08-08
3322,INDUSTRIAS AUTOMATIK LTDA.,—,EXPO,Metales y siderurgia,2,2,1900.02,950.01,2025-12-11
3323,ANASAC CHILE S.A.,—,EXPO,Otros,2,2,5500.00,2750.00,2025-12-31
2821,DYNAL INDUSTRIAL S A,92264000-9,IMPO,Químicos industriales,2,2,5200.00,2600.00,2025-12-05
2476,SOCIEDAD INDUSTRIAL PIZARRENO,96573780-4,IMPO,Químicos industriales,2,2,3190.00,1595.00,2026-01-12
3326,HARTING S.A.,—,EXPO,Otros,2,2,5200.00,2600.00,2026-01-30
3211,COM.AGROPECUARIA AGROAS LTDA,—,EXPO,Cereales y harinas,2,2,5200.00,2600.00,2025-11-07
3212,RENO CHILE S.A.,—,EXPO,Otros,2,2,5200.00,2600.00,2025-12-22
2449,COM.PC ELECTRIC S.A.,77712750-0,IMPO,Otros,2,2,1668.00,834.00,2025-09-03
3330,CEMBRASS S.A.,—,EXPO,Metales y siderurgia,2,2,4500.00,2250.00,2026-01-14
2707,KIOSCLUB AMERICAN SUPERMARKET,76360868-9,IMPO,Otros,2,2,4320.00,2160.00,2025-07-03
3215,VALBIFRUT S.A.,—,EXPO,Otros,2,2,4100.00,2050.00,2025-10-30
2611,SUN CHEMICAL CHILE S A,96563360-K,IMPO,Frutas y verduras,2,2,3340.00,1670.00,2025-09-04
2406,OCEAN SPRAY CHILE SPA,76248962-7,IMPO,Envases y embalajes,2,2,3518.84,1759.42,2025-08-06
3141,CIA. MINERA SAN GERONIMO,—,EXPO,Metales y siderurgia,2,2,8000.00,4000.00,2025-12-09
2410,SEMILLAS TUNICHE LTDA.,77294240-0,IMPO,Papel y cartón,2,2,2268.00,1134.00,2025-03-24
2414,DUCASSE INDUSTRIAL S.A.,83279200-4,IMPO,Metales y siderurgia,2,2,1330.00,665.00,2025-12-05
2981,LABORATORIO SANDERSON SA,—,EXPO,Otros,2,2,8980.00,4490.00,2025-12-05
2705,H B FULLER CHILE S P A,85303500-9,IMPO,Otros,2,2,6800.00,3400.00,2025-03-14
2814,DAP DUCASSE DISENO LTDA,76046809-6,IMPO,Vidrio y cerámica,2,2,2900.00,1450.00,2025-10-10
2813,MONTES S.A.,79872770-2,IMPO,Bebidas,2,2,3024.99,1512.49,2025-10-17
2610,UNITS CHILE LTDA.,78213240-7,IMPO,Yerba y infusiones,2,2,3820.00,1910.00,2025-02-24
3221,RHI CHILE S A,—,EXPO,Vidrio y cerámica,2,2,3120.00,1560.00,2025-10-01
2417,EPIROC CHILE S.A.C,91762000-8,IMPO,Otros,2,2,2414.99,1207.49,2025-09-05
2348,COMERCIAL E INV. COMATEL S.A.,76075542-7,IMPO,Metales y siderurgia,2,2,2427.00,1213.50,2025-12-15
3223,SERV. AGRICOLAS TECNIPAK LTDA.,—,EXPO,Otros,2,2,4499.97,2249.99,2025-06-26
2422,AGENCIAS DE REPRESENTACIONES L,86931000-K,IMPO,Envases y embalajes,2,2,1750.00,875.00,2025-06-27
2950,AGRICOLA SUPER LIMITADA,88680500-4,IMPO,Otros,1,2,4032.00,2016.00,2025-05-07
2698,COMERCIALIZADORA EL MIRADOR SA,78289730-6,IMPO,Carnes y derivados,2,2,6150.00,3075.00,2025-07-25
2928,DUAS RODAS CHILE SPA,96512460-8,IMPO,Frutas y verduras,2,2,6401.00,3200.50,2025-04-01
2971,SCANIA CHILE S.A.,96538460-K,IMPO,Otros,2,2,11479.87,5739.93,2025-11-03
3228,COMERCIALIZADORA FRUKA SPA,—,EXPO,Frutas y verduras,2,2,2650.00,1325.00,2025-05-05
2872,COMERCIAL DISER S.A.,77413590-1,IMPO,Carnes y derivados,2,2,8605.32,4302.66,2025-10-24
2967,COMERCIALIZADORA RAYEN SPA,76792649-9,IMPO,Lácteos,2,2,6600.00,3300.00,2025-12-24
2418,ALUMINIOS ARMADOS S A,96556070-K,IMPO,Otros,2,2,1745.00,872.50,2025-11-07
2387,CORP.IGLESIA ADVENTISTA 7MO.DI,82745300-5,IMPO,Otros,2,2,2777.98,1388.99,2026-01-19
3059,BECTON DICKINSON DE CHILE,—,EXPO,Otros,2,2,4350.00,2175.00,2025-09-16
2345,PINTURAS Y QUIMICA DE CHILE S.,99535480-2,IMPO,Químicos industriales,2,2,4333.99,2166.99,2025-09-24
2960,ANAHI S.A.C. E I.,96045000-0,IMPO,Yerba y infusiones,2,2,3700.00,1850.00,2025-10-06
3232,IMPORTADORA BICIMOTO LTDA.,—,EXPO,Otros,2,2,2101.78,1050.89,2025-05-13
3024,VASON CHILE LIMITADA,—,EXPO,Minerales y fertilizantes,2,2,1699.99,850.00,2025-03-19
2344,SERV. Y SUMINISTROS VOITH CHIL,77439580-6,IMPO,Papel y cartón,2,2,3990.00,1995.00,2025-11-07
3234,CURTIEMBRE RUFINO MELERO S.A.,—,EXPO,Carnes y derivados,2,2,6550.00,3275.00,2026-01-19
2866,ATLAS SOLUTIONS CHILE SPA,76421386-6,IMPO,Otros,2,2,2300.01,1150.01,2025-10-14
2798,INNOMOTICS S.A.,77575984-4,IMPO,Electrónica,1,2,7650.00,3825.00,2025-06-26
2937,AGROCOMERCIAL AGUILAR HERMANOS,76078263-7,IMPO,Otros,2,2,3650.00,1825.00,2025-12-02
2542,ASCENSORES OTIS CHILE LTDA.,96797340-8,IMPO,Otros,1,1,1350.00,1350.00,2026-01-26
3245,ALO VENTAS LIMITADA,—,EXPO,Otros,1,1,1150.00,1150.00,2025-04-15
3354,L OREAL CHILE S A,—,EXPO,Farmacia y salud,1,1,2700.00,2700.00,2026-01-07
3248,PATAGONIA TIMBER SPA,—,EXPO,Otros,1,1,3400.00,3400.00,2025-05-26
3249,SUDMARIS CHILE S.A,—,EXPO,Textil y calzado,1,1,4000.00,4000.00,2025-05-13
2543,ASCENSORES SCHINDLER(CHILE)S.A,93565000-3,IMPO,Frutas y verduras,1,1,2500.00,2500.00,2026-01-29
3355,JOWAT CHILE SPA,—,EXPO,Otros,1,1,1649.99,1649.99,2025-11-26
3356,COMERCIAL ANDEXPORT LTDA,—,EXPO,Otros,1,1,650.00,650.00,2025-12-17
3357,COMERCIALIZADORA LARRAIN Y COM,—,EXPO,Otros,1,1,700.00,700.00,2025-12-12
2553,CEMBRASS S.A.,96791900-4,IMPO,Otros,1,1,2500.00,2500.00,2025-01-10
2679,IMPORTADORA Y COMERCIALIZADORA,77698003-K,IMPO,Combustibles y gas,1,1,3393.00,3393.00,2026-01-28
3261,SM CYCLO COM.DE MAQUINARIAS LT,—,EXPO,Otros,1,1,2850.00,2850.00,2025-06-09
2559,FARMALATINA LTDA,79728570-6,IMPO,Otros,1,1,1500.00,1500.00,2025-01-29
2592,COM METALURGICO ALTONORTE S.A,88325800-2,IMPO,Otros,1,1,995.00,995.00,2025-11-06
3264,PROVIDENCE EXPORTS S.A.,—,EXPO,Frutas y verduras,1,1,2450.00,2450.00,2025-05-20
2671,CONVERTIDORA L M LIMITADA,78705590-7,IMPO,Papel y cartón,1,1,2200.00,2200.00,2025-02-07
2668,ARYSTA LIFESCIENCE CHILE S.A.,99575150-K,IMPO,Envases y embalajes,1,1,2450.00,2450.00,2025-02-12
3269,KENTUCKY FOODS CHILE LTDA,—,EXPO,Carnes y derivados,1,1,3000.00,3000.00,2025-05-28
3273,VULCO S.A.,—,EXPO,Vidrio y cerámica,1,1,1200.01,1200.01,2025-05-30
2564,IMPORTADORA DE REPUESTOS BRASI,82971700-K,IMPO,Otros,1,1,768.00,768.00,2025-02-08
3275,NILFISK ADVANCE S.A.,—,EXPO,Otros,1,1,2400.00,2400.00,2025-06-04
3277,KEMIRA CHILE COMERCIAL LTDA.,—,EXPO,Otros,1,1,3714.64,3714.64,2025-06-17
3281,DEL MONTE FRESH PRODUCE (CHILE,—,EXPO,Frutas y verduras,1,1,2950.00,2950.00,2025-06-24
2574,CURTIEMBRE RUFINO MELERO S.A.,91448000-0,IMPO,Yerba y infusiones,1,1,2850.00,2850.00,2025-03-19
2576,MARISIO S.A.,76014662-5,IMPO,Plásticos y polímeros,1,1,535.00,535.00,2025-04-17
2591,CENTRO VETERIN.Y AGRICOLA LTDA,86510400-6,IMPO,Otros,1,1,871.00,871.00,2025-09-24
3288,MEDICIONES GEOLEC DE CHILE LTD,—,EXPO,Pasta y panificados,1,1,3650.00,3650.00,2025-06-30
3290,SANDVIK MINING AND CONSTRUCTIO,—,EXPO,Otros,1,1,700.00,700.00,2025-07-15
3291,AUXILIAR CONSERVERA AMERICA S,—,EXPO,Otros,1,1,1800.00,1800.00,2025-07-15
3293,BASF CHILE S A,—,EXPO,Otros,1,1,2890.00,2890.00,2025-07-15
2595,DARTEL S.A.,96806110-0,IMPO,Otros,1,1,2550.00,2550.00,2026-01-23
3296,RENNER COATINGS CHILE SPA,—,EXPO,Químicos industriales,1,1,1290.00,1290.00,2025-08-25
3297,MICROTEC SPA,—,EXPO,Otros,1,1,950.00,950.00,2025-07-24
2255,SODIMAC S.A.,96792430-K,IMPO,Otros,1,1,5400.00,5400.00,2025-06-18
3299,AGRIC.SAN JOSE DE PERALILLO S.,—,EXPO,Bebidas,1,1,900.00,900.00,2025-09-09
2623,COMERCIAL Y REP.AUSTRAL LTDA,78938400-2,IMPO,Papel y cartón,1,1,1250.00,1250.00,2025-08-19
3301,A A COMERCIAL LTDA,—,EXPO,Vehículos y autopartes,1,1,500.00,500.00,2025-08-27
2596,EVEREADY DE CHILE S.A.,96517960-7,IMPO,Otros,1,1,3916.14,3916.14,2025-08-22
3305,SOCIEDAD ANONIMA VINA SANTA RI,—,EXPO,Envases y embalajes,1,1,2350.00,2350.00,2025-09-04
3307,COMERCIAL S.T.I SPA,—,EXPO,Metales y siderurgia,1,1,1164.40,1164.40,2025-09-04
3308,BF COMERCIO Y EXPORT.LIMITADA,—,EXPO,Otros,1,1,3450.00,3450.00,2025-09-03
2619,INDUSTRIAS CLEANER CHILE S.A.,76121450-0,IMPO,Otros,1,1,500.00,500.00,2026-01-30
3310,EVONIK DEGUSSA CHILE S.A.,—,EXPO,Químicos industriales,1,1,2300.00,2300.00,2025-09-02
3311,"SMC CORPORATION (CHILE),S.A",—,EXPO,Otros,1,1,500.00,500.00,2025-08-28
2618,LABORATORIOS BAGO S.A.,93135000-5,IMPO,Otros,1,1,6100.00,6100.00,2026-01-22
3366,TRICONOS MINEROS SOCIEDAD ANON,—,EXPO,Otros,1,1,1065.00,1065.00,2026-01-31
3314,ARTECOLA CHILE S.A.,—,EXPO,Otros,1,1,1700.00,1700.00,2025-10-01
3315,FRUTAS DE EXPORTACION S.A.,—,EXPO,Otros,1,1,2400.01,2400.01,2025-10-02
3316,AUSTIN CHILE TRADING LTDA.,—,EXPO,Otros,1,1,2100.00,2100.00,2025-09-25
3318,ISOGAMA INDUSTRIA QUIMICA LIMI,—,EXPO,Otros,1,1,2500.00,2500.00,2025-10-20
3321,CARLOS CRAMER PRODUCTOS AROMAT,—,EXPO,Otros,1,1,860.00,860.00,2025-10-13
2615,SEW EURODRIVE CHILE LTDA.,78075630-6,IMPO,Otros,1,1,550.00,550.00,2025-05-30
3325,TESA TAPE CHILE S A,—,EXPO,Otros,1,1,1079.99,1079.99,2025-10-09
2614,IMPORT. Y DISTRIB. ASCOEX LTDA,77641190-6,IMPO,Otros,1,1,900.00,900.00,2025-04-11
3328,FRANMAR LTDA,—,EXPO,Otros,1,1,633.00,633.00,2025-10-19
2585,KERSTING S.A.,96679310-4,IMPO,Otros,1,1,800.00,800.00,2025-08-22
3331,AGRIC.Y COM.SANTA CAMILA S.A.,—,EXPO,Otros,1,1,1750.00,1750.00,2025-10-30
3332,COMERC. CABILTERRA LIMITADA,—,EXPO,Cereales y harinas,1,1,1000.00,1000.00,2025-11-07
2998,VINA SAN PEDRO TARAPACA S.A,—,EXPO,Otros,1,1,5700.00,5700.00,2025-01-08
2404,LOUISIANA PACIFIC CHILE S A,96874160-8,IMPO,Otros,1,1,2800.00,2800.00,2025-01-13
2402,3M CHILE S A,93626000-4,IMPO,Otros,1,1,1050.00,1050.00,2025-02-10
2416,SOLTEX CHILE S.A.,96507490-2,IMPO,Otros,1,1,950.00,950.00,2025-05-08
3362,VITAKAI S.A.,—,EXPO,Otros,1,1,2000.00,2000.00,2025-12-22
2977,EPSON CHILE S A,96293000-K,IMPO,Otros,1,1,2450.00,2450.00,2025-09-15
2976,MOTORES DE LOS ANDES S.A.,76005909-9,IMPO,Otros,1,1,2200.00,2200.00,2025-05-13
2975,EXPORTADORA BAIKA S.A.,76100265-1,IMPO,Frutas y verduras,1,1,2500.00,2500.00,2026-01-15
2399,DIRECTV CHILE TELEVISION LTDA,87161100-9,IMPO,Otros,1,1,780.00,780.00,2025-01-24
2974,EL KAYSER S.A.,96576040-7,IMPO,Azúcar y dulces,1,1,588.13,588.13,2025-07-24
2972,FEROSOR AGRICOLA S.A,96789520-2,IMPO,Otros,1,1,1100.00,1100.00,2025-07-25
2392,PERI CHILE ENCOFRADOS Y ANDAMI,78874090-5,IMPO,Yerba y infusiones,1,1,739.74,739.74,2026-01-20
2969,SUGAL CHILE LIMITADA,76216511-2,IMPO,Otros,1,1,2800.00,2800.00,2025-11-24
3020,INSUMOS FRUTICOLAS S.A.,—,EXPO,Maquinaria y equipos,1,1,1800.00,1800.00,2025-01-15
2961,ALIMENTOS CORDILLERA LTDA.,77278060-5,IMPO,Lácteos,1,1,3000.00,3000.00,2026-01-02
2598,DETROIT S.A.,81271100-8,IMPO,Otros,1,1,740.00,740.00,2025-04-14
2959,QUIMICA LATINOAMERICANA S.A.,89551800-K,IMPO,Aceites y grasas,1,1,2660.00,2660.00,2026-01-02
3026,STRYKER CORP.CHILE Y CIA. LTDA,—,EXPO,Otros,1,1,5500.00,5500.00,2025-01-21
2955,COMERCIALIZADORA ANDES SECRET,76380786-K,IMPO,Cereales y harinas,1,1,2150.00,2150.00,2025-10-23
2954,INVER E INDUS. VALLE VERDE S.A,76006727-K,IMPO,Lácteos,1,1,3600.00,3600.00,2026-01-29
2383,SM CYCLO COM.DE MAQUINARIAS LT,78856680-8,IMPO,Otros,1,1,670.00,670.00,2025-12-03
2953,AGROIMAGINA SPA,77528117-0,IMPO,Cereales y harinas,1,1,2150.00,2150.00,2025-12-30
3363,CASAS DEL VALLE BARROS HNOS.LT,—,EXPO,Químicos industriales,1,1,950.00,950.00,2026-01-12
2945,ALUSA S.A,96956680-K,IMPO,Plásticos y polímeros,1,1,1930.89,1930.89,2026-01-16
2380,EMBOTELLADORA ANDINA S.A.,91144000-8,IMPO,Otros,1,1,2400.00,2400.00,2025-10-29
3038,DOLE CHILE S.A.,—,EXPO,Frutas y verduras,1,1,3400.00,3400.00,2025-01-10
3336,QUIMATIC SPA,—,EXPO,Otros,1,1,1700.00,1700.00,2025-11-07
2424,EDITORIAL CONTRAPUNTO LTDA.,79950300-K,IMPO,Otros,1,1,830.00,830.00,2025-06-13
3337,PM CHILE SPA,—,EXPO,Metales y siderurgia,1,1,3500.00,3500.00,2025-11-14
2378,JOHN CRANE CHILE S A,99517650-5,IMPO,Maquinaria y equipos,1,1,850.00,850.00,2025-10-16
2939,GREEN PURE SPA,76328579-0,IMPO,Bebidas,1,1,3900.00,3900.00,2026-01-26
2376,DISTRIBUIDORA CUMMINS CHILE S,96843140-4,IMPO,Otros,1,1,4040.83,4040.83,2025-01-15
2370,EMP.TRANSPORTE FERROVIARIO S.A,96545600-7,IMPO,Otros,1,1,3850.00,3850.00,2025-08-21
2933,CAJU SPA,77150919-3,IMPO,Bebidas,1,1,3600.00,3600.00,2026-01-08
2428,ALDEASA CHILE LTDA.,96751080-7,IMPO,Otros,1,1,1450.00,1450.00,2025-07-29
2364,COVEPA SPA,88909800-7,IMPO,Otros,1,1,3800.00,3800.00,2025-11-11
2927,INVERTEC NATURAL JUICE S.A.,96844830-7,IMPO,Frutas y verduras,1,1,900.31,900.31,2025-11-28
2923,C.G.A.CHILE S.A.,96755020-5,IMPO,Otros,1,1,2650.00,2650.00,2025-07-22
3054,SAINT GOBAIN ENVASES S.A.,—,EXPO,Vidrio y cerámica,1,1,1200.00,1200.00,2025-02-04
2435,TERUMO BCT CHILE S.A,96929230-0,IMPO,Envases y embalajes,1,1,930.00,930.00,2025-08-27
2356,TRANE DE CHILE S A,96836580-0,IMPO,Maquinaria y equipos,1,1,3189.00,3189.00,2025-12-22
3338,FERTILIZANTES DEL PACIFICO S.A,—,EXPO,Otros,1,1,1500.00,1500.00,2025-12-11
2437,PPG INDUSTRIES CHILE S.A.,91255000-1,IMPO,Químicos industriales,1,1,3000.00,3000.00,2025-06-18
3061,INDUSTRIA DE MATERIALES DE EMP,—,EXPO,Maquinaria y equipos,1,1,1100.00,1100.00,2025-02-04
2441,AGRIC.Y COM.SANTA CAMILA S.A.,96649100-0,IMPO,Otros,1,1,2139.97,2139.97,2025-10-21
2351,IMPORTADORA MONSERRAT LIMITADA,77733230-9,IMPO,Otros,1,1,947.00,947.00,2026-01-16
2444,MINITUB CHILE LTDA.,76865250-3,IMPO,Químicos industriales,1,1,3600.00,3600.00,2025-11-18
3361,FAMA MUSIC CHILE LIMITADA,—,EXPO,Otros,1,1,2400.00,2400.00,2026-01-02
2895,PRODUCTOS QUIMICOS Y ALIMENTIC,89389400-4,IMPO,Otros,1,1,1500.00,1500.00,2025-01-23
2894,INDUSTRIA DE MATERIALES DE EMP,79583790-6,IMPO,Otros,1,1,885.00,885.00,2025-03-03
3339,ACCO BRANDS CHILE S.A.,—,EXPO,Otros,1,1,547.00,547.00,2025-11-19
3340,SOLMAX CHILE SPA,—,EXPO,Otros,1,1,2500.02,2500.02,2025-11-25
2454,MALLAS PROTEKTA LIMITADA,77505400-K,IMPO,Otros,1,1,760.00,760.00,2025-02-14
2456,AGROGESTION VITRA LTDA,77082030-8,IMPO,Químicos industriales,1,1,5350.00,5350.00,2025-03-19
3364,CORE Âí EXPORT SPA,—,EXPO,Frutas y verduras,1,1,1200.00,1200.00,2026-01-14
3086,DERCOMAQ SPA,—,EXPO,Otros,1,1,1050.00,1050.00,2025-01-10
2882,AGRICOLA TARAPACA S.A.,85120400-8,IMPO,Otros,1,1,2400.00,2400.00,2025-10-07
2337,TAPEL WILLAMETTE INC S A,96918400-1,IMPO,Otros,1,1,3500.00,3500.00,2025-05-16
2881,A.TORRES Y COMPANIA LIMITADA,78968870-2,IMPO,Otros,1,1,2050.00,2050.00,2025-07-30
2878,NUTRICION Y ALIMENTOS S.A.,95214000-0,IMPO,Cereales y harinas,1,1,2660.00,2660.00,2025-12-22
3342,COMERC.Y REPRES.SILBERTEC.LTDA,—,EXPO,Otros,1,1,1965.00,1965.00,2025-12-18
2330,POWER TRAIN TECHNOLOGIES CHILE,96849300-0,IMPO,Farmacia y salud,1,1,610.00,610.00,2025-03-19
2877,XYLEM WATER SOLUTIONS CHILE S.,79961910-5,IMPO,Envases y embalajes,1,1,990.00,990.00,2025-04-15
2876,TECVAL S.A.,79839490-8,IMPO,Otros,1,1,599.00,599.00,2025-01-22
2460,DISTRIBUIDORA KOSLAN LTDA,96685460-K,IMPO,Otros,1,1,654.00,654.00,2025-05-28
3102,MAQ.Y H.BLACK  DECKER DE CHILE,—,EXPO,Otros,1,1,2400.02,2400.02,2025-02-14
2867,SIOM SPA,76090717-0,IMPO,Otros,1,1,5000.00,5000.00,2025-01-23
2865,ELECTROLUX DE CHILE S.A.,76163495-K,IMPO,Otros,1,1,2900.00,2900.00,2026-01-17
2318,COMERCIAL ALCA LTDA.,77934110-0,IMPO,Aceites y grasas,1,1,2150.00,2150.00,2025-11-20
2861,JUAN CARLOS BURASCHI TRADING S,76097364-5,IMPO,Otros,1,1,2700.00,2700.00,2025-04-03
2856,TRADCORP S A,96809220-0,IMPO,Otros,1,1,1250.00,1250.00,2025-01-13
3113,TERUMO BCT CHILE S.A,—,EXPO,Envases y embalajes,1,1,1050.00,1050.00,2025-01-21
2462,COMERCIAL F H ENGEL S A,89225500-8,IMPO,Otros,1,1,690.00,690.00,2025-06-23
2851,CIA.MOLINERA SAN CRISTOBAL S.A,90060000-3,IMPO,Lácteos,1,1,2900.00,2900.00,2025-03-20
2306,SADIA CHILE S.A.,96894370-7,IMPO,Frutas y verduras,1,1,3300.00,3300.00,2025-08-20
2847,EXPORTADORA UNIFRUTTI TRADERS,89258800-7,IMPO,Plásticos y polímeros,1,1,1130.00,1130.00,2026-01-14
3343,ATLAS COPCO CHILENA S.A.C.,—,EXPO,Maquinaria y equipos,1,1,890.00,890.00,2025-12-29
2845,AMC CHILE S.A.,76003147-K,IMPO,Otros,1,1,890.00,890.00,2025-12-30
2838,DAVIS GRAPHICS SA,81081200-1,IMPO,Otros,1,1,1290.00,1290.00,2025-05-27
2837,TOPCOLOR S.A.,89407400-0,IMPO,Yerba y infusiones,1,1,700.00,700.00,2025-02-26
2466,LA INVERNADA EXPORT SPA,76263274-8,IMPO,Plásticos y polímeros,1,1,950.00,950.00,2026-01-23
3128,CONDENSA S.A.,—,EXPO,Metales y siderurgia,1,1,3700.00,3700.00,2025-02-12
2468,IMP. Y COM. MACRODELI LTDA.,76205251-2,IMPO,Otros,1,1,2350.00,2350.00,2025-04-07
2830,CURIMAPU PRODUCCION Y EXP.LTDA,76861930-1,IMPO,Cereales y harinas,1,1,1754.00,1754.00,2025-09-30
2829,PINTO PIGA SEEDS S.A,76265695-7,IMPO,Cereales y harinas,1,1,1996.00,1996.00,2025-09-26
2824,IMPORT Y COM RESTOMARKET LTDA,76336286-8,IMPO,Frutas y verduras,1,1,1800.00,1800.00,2026-01-07
2586,DISTRIBUCION Y EXCELENCIA S.A.,96568970-2,IMPO,Otros,1,1,855.00,855.00,2025-08-28
2812,CHILEOREGANO SPA,76690454-8,IMPO,Otros,1,1,1400.00,1400.00,2025-11-06
2599,SAN CLEMENTE FOODS S.A.,76031602-4,IMPO,Otros,1,1,1349.00,1349.00,2025-06-05
3146,COSMETICOS AVON S A,—,EXPO,Envases y embalajes,1,1,1730.00,1730.00,2025-02-06
2481,SOC.ABAST.COMERC. E IND.S.A.,79519430-4,IMPO,Otros,1,1,640.00,640.00,2025-09-03
3148,CELA COSMETICOS S.A.,—,EXPO,Farmacia y salud,1,1,1034.96,1034.96,2025-03-10
3347,PROTECCION DE MADERA LTDA.,—,EXPO,Químicos industriales,1,1,3087.14,3087.14,2025-12-11
2807,TRAVERSO S.A.,96606780-2,IMPO,Otros,1,1,2800.00,2800.00,2025-08-08
2292,COMERCIAL HUSSMANN CHILE LIMIT,76166263-5,IMPO,Maquinaria y equipos,1,1,2575.00,2575.00,2025-05-19
2803,LA MARMA S.A,76413899-6,IMPO,Metales y siderurgia,1,1,2300.00,2300.00,2025-10-09
2791,LAFFORT CHILE SPA,76585410-5,IMPO,Minerales y fertilizantes,1,1,800.00,800.00,2025-03-28
3365,QUIMICA INDUSTRIAL SPES S A,—,EXPO,Aceites y grasas,1,1,2200.00,2200.00,2026-01-23
2587,COSMOPLAS SOCIEDAD ANÃÂÂÂNIMA,81187800-6,IMPO,Maquinaria y equipos,1,1,535.01,535.01,2025-09-08
2288,ANTOFAGASTA MINERALS S.A,93920000-2,IMPO,Otros,1,1,4850.00,4850.00,2025-02-17
3349,SYMRISE S.A.,—,EXPO,Otros,1,1,3350.00,3350.00,2025-11-21
2778,LATAM AIRLINES GROUP S.A.,89862200-2,IMPO,Bebidas,1,1,1000.00,1000.00,2025-01-15
2502,PANINI CHILE S.A.,96979830-1,IMPO,Otros,1,1,1250.00,1250.00,2025-01-20
3350,DAIKIN AIRCONDITIONING CHILE S,—,EXPO,Otros,1,1,700.01,700.01,2026-01-05
2772,COMERCIAL LOS ANDES LIMITADA,77493490-1,IMPO,Metales y siderurgia,1,1,2400.00,2400.00,2026-01-15
3165,NORDEX ENERGY CHILE S.A.,—,EXPO,Otros,1,1,3425.00,3425.00,2025-02-05
2767,GOOD FOOD S.A.,96665460-0,IMPO,Otros,1,1,3200.00,3200.00,2025-04-07
2765,BLUMAR S.A.,80860400-0,IMPO,Otros,1,1,1350.00,1350.00,2025-02-20
2762,PEDRO TORRENS E HIJO LTDA,85259300-8,IMPO,Metales y siderurgia,1,1,2350.00,2350.00,2025-03-27
2518,FILA CHILE  LTDA.,77462370-1,IMPO,Otros,1,1,1350.00,1350.00,2025-03-07
2519,MAN.DE P.DE ALUM.PRODALUM S.A.,84260700-0,IMPO,Otros,1,1,1550.00,1550.00,2025-03-25
2520,MAYORDENT DENTAL LTDA.,76271360-8,IMPO,Otros,1,1,645.00,645.00,2025-03-19
2746,COMERCIAL ESTUDIO VARO LTDA,76917715-9,IMPO,Otros,1,1,2099.99,2099.99,2025-12-15
3180,HONDA MOTOR DE CHILE S A,—,EXPO,Otros,1,1,2450.00,2450.00,2025-03-13
2745,MANUFACTURAS DE VESTUARIO MAVE,96573100-8,IMPO,Otros,1,1,950.00,950.00,2025-10-29
2744,TEC HARSEIM SPA,89851900-7,IMPO,Otros,1,1,1749.99,1749.99,2025-09-29
3186,DIVERSEY INDUSTRIAL Y COMERCIA,—,EXPO,Otros,1,1,1610.63,1610.63,2025-03-12
2522,FUNDICION TALLERES LIMITADA,99532410-5,IMPO,Pasta y panificados,1,1,1000.00,1000.00,2025-04-01
2735,MOLINERA ACONCAGUA S.A.,96540970-K,IMPO,Plásticos y polímeros,1,1,2100.00,2100.00,2025-07-26
2526,SOCIEDAD COMERCIAL ALFAPLAS Y,77516610-K,IMPO,Otros,1,1,2300.00,2300.00,2025-05-13
2731,CENTRAL DE ABASTEC.DEL S.N.S.S,61608700-2,IMPO,Lácteos,1,1,900.00,900.00,2026-01-15
3196,ART.SEG.MASP.SOC.CO.E IND.LTDA,—,EXPO,Otros,1,1,2350.00,2350.00,2025-04-10
3198,ACF BAQUEDANO S.A.,—,EXPO,Minerales y fertilizantes,1,1,3410.00,3410.00,2025-03-24
3199,ELI LILLY INTERAMERICA INC Y C,—,EXPO,Carnes y derivados,1,1,2900.00,2900.00,2025-04-17
2527,RHONA S. A.,92307000-1,IMPO,Otros,1,1,2270.00,2270.00,2025-05-20
2727,FERRETERIA AMUNATEGUI S.A.,95229000-2,IMPO,Otros,1,1,850.00,850.00,2025-07-23
3203,COMERCIAL E IND.MEDINA HNOS.LT,—,EXPO,Otros,1,1,1000.00,1000.00,2025-03-24
3352,LEGRAND BTICINO CHILE LTDA.,—,EXPO,Electrónica,1,1,624.99,624.99,2025-12-05
2530,PETROQUIM S.A.,78021560-7,IMPO,Otros,1,1,3500.00,3500.00,2025-07-25
3209,WEG CHILE S.A.,—,EXPO,Maquinaria y equipos,1,1,1810.00,1810.00,2025-03-17
3210,INDUSTRIA METALURGICA LIMITADA,—,EXPO,Otros,1,1,1100.00,1100.00,2025-03-26
2532,COMERCIAL RIVAS LIMITADA,78432930-5,IMPO,Otros,1,1,579.99,579.99,2025-08-22
2534,WILD FOODS SPA,76764595-3,IMPO,Yerba y infusiones,1,1,740.00,740.00,2025-09-29
2535,CHESTERTON INTERNATIONAL CHILE,79629010-2,IMPO,Otros,1,1,1400.00,1400.00,2025-10-16
3220,COMERCIALIZADORA SKECHERS CHIL,—,EXPO,Textil y calzado,1,1,760.00,760.00,2025-04-04
3353,COMERCIAL Y ASESORA INTERNACIO,—,EXPO,Otros,1,1,1049.99,1049.99,2025-12-15
3224,S.C. JOHNSON & SON CHILE LTDA.,—,EXPO,Otros,1,1,1260.00,1260.00,2025-04-14
3225,SUMMIT AGRO CHILE SPA,—,EXPO,Otros,1,1,5799.99,5799.99,2025-03-29
3227,GUALA CLOSURES CHILE SPA,—,EXPO,Otros,1,1,1200.00,1200.00,2025-03-31
2540,PRODUCTOS FERNANDEZ,91004000-6,IMPO,Otros,1,1,2800.00,2800.00,2025-12-22
3230,TETRA PAK DE CHILE COMERCIAL L,—,EXPO,Lácteos,1,1,2800.00,2800.00,2025-04-10
2541,COMERCIALIZADORA PRAGA SPA.,76395806-K,IMPO,Lácteos,1,1,830.00,830.00,2026-01-05
3233,SLK ESPECIALIDADES QUIMICAS LT,—,EXPO,Yerba y infusiones,1,1,565.00,565.00,2025-04-07
3235,AUSTRAL CHEMICALS CHILE S.A.,—,EXPO,Otros,1,1,565.00,565.00,2025-05-16
2694,DISTRIBUIDORA IGUAZU S.A.,96818780-5,IMPO,Carnes y derivados,1,1,3100.00,3100.00,2025-01-27
3237,KUPFER HERMANOS SA,—,EXPO,Metales y siderurgia,1,1,2410.01,2410.01,2025-04-28
3238,GRUPO LATYN S.A.,—,EXPO,Otros,1,1,1400.00,1400.00,2025-05-19
3239,NISSAN CHILE SPA,—,EXPO,Otros,1,1,625.00,625.00,2025-04-08
3240,VINA CASAL DE GORCHS S.A.,—,EXPO,Bebidas,1,1,1600.00,1600.00,2025-05-28
3241,COMERCIAL KLINGSPOR CHILE LIMI,—,EXPO,Otros,1,1,1645.00,1645.00,2025-04-07
